model,year,init_month,rain_coronel dorrego_10,rain_coronel dorrego_11,rain_coronel dorrego_8,rain_coronel dorrego_9,rain_hipolito yrigoyen_10,rain_hipolito yrigoyen_11,rain_hipolito yrigoyen_8,rain_hipolito yrigoyen_9,tmean_coronel dorrego_10,tmean_coronel dorrego_11,tmean_coronel dorrego_8,tmean_coronel dorrego_9,tmean_hipolito yrigoyen_10,tmean_hipolito yrigoyen_11,tmean_hipolito yrigoyen_8,tmean_hipolito yrigoyen_9
CCSM4,1993,9,0.0019142786265064383,0.0016821456301036929,0.0002037468094666,0.00048067746190800197,0.0018125828921149903,0.00199283186405508,0.0006215181346153,0.001456424363561124,14.77547639126248,18.665766011555988,10.112333333333334,11.109642908732095,15.59018354171362,19.729483748215895,10.272307692307692,11.739533253205128
CCSM4,1993,10,0.0017087767739429514,0.002920065424808464,0.0002037468094666,0.0006287615638333,0.0026102348180903354,0.0028954494516975978,0.0006215181346153,0.0026867292076923,13.950095286051432,17.11616735839844,10.112333333333334,11.635666666666667,14.812183927878355,17.946175020658053,10.272307692307692,11.61076923076923
CCSM4,1993,11,0.001886364015,0.003931803141862257,0.0002037468094666,0.0006287615638333,0.0021569193923076,0.004105558975599203,0.0006215181346153,0.0026867292076923,14.787833333333332,17.735342147827147,10.112333333333334,11.635666666666667,16.042307692307695,18.75529801588792,10.272307692307692,11.61076923076923
CCSM4,1994,9,0.0026415695714881128,0.002067055195559391,0.0012941801501666,0.00123660884340013,0.006213517206675245,0.004433349605266697,0.0023313458076923,0.003539266717263893,14.27222119140625,17.32510353257921,9.102,10.396785970052084,15.0119182019356,17.718172607421874,9.853076923076925,11.481451204740084
CCSM4,1994,10,0.0036018425054728915,0.0020605518072737547,0.0012941801501666,0.0008188242105,0.004557908277179265,0.0020977216462313617,0.0023313458076923,0.0015862611846153,12.80434462822808,17.70960896809896,9.102,11.9975,14.406292714828098,18.397051180326024,9.853076923076925,12.882307692307691
CCSM4,1994,11,0.0018797678766666,0.003012535034455021,0.0012941801501666,0.0008188242105,0.0025635926307692,0.0037360854485629412,0.0023313458076923,0.0015862611846153,13.506666666666666,17.765251186794703,9.102,11.9975,14.715384615384616,18.824788495577298,9.853076923076925,12.882307692307691
CCSM4,1995,9,0.0029942942004319182,0.00313118239719994,0.0010596451895,0.0008897381740863857,0.002623317560781375,0.003301467614432308,0.000590114456923,0.0012570755090226015,13.944350351969401,17.105450052897137,8.553833333333333,10.978625937567818,16.00059046427409,19.31620337853065,9.41846153846154,12.613115872114133
CCSM4,1995,10,0.0018324556149153888,0.0031408955899807534,0.0010596451895,0.0005364235754999,0.0014933735543795439,0.003298215528337457,0.000590114456923,0.001148120646923,14.684298592461479,17.328162284003366,8.553833333333333,11.863666666666663,16.912535541240985,19.394713064340444,9.41846153846154,13.288461538461538
CCSM4,1995,11,0.00200906262,0.0019852467515631424,0.0010596451895,0.0005364235754999,0.0023878548230769,0.0033466782462247126,0.000590114456923,0.001148120646923,14.151666666666667,16.553869491577146,8.553833333333333,11.863666666666663,15.503846153846156,19.622805062318463,9.41846153846154,13.288461538461538
CCSM4,1996,9,0.00048138704931619274,0.0016049085404403365,0.0034063291616666,0.0003636351622734168,0.0011075622839301033,0.0018821517608560855,0.0018074541076923,0.0007011361497381874,15.14394051106771,18.49889055718316,11.398833333333332,12.340583572387695,16.6533506442339,20.43735092945589,12.302307692307693,13.130607006366436
CCSM4,1996,10,0.0018821477779726269,0.0029737975213298597,0.0034063291616666,0.0006316987865,0.0019543532868756515,0.0031784368879918365,0.0018074541076923,0.0011892481615384,16.652166666666666,18.82128215874566,11.398833333333332,11.581,17.407211424998746,19.625591062888123,12.302307692307693,12.624615384615383
CCSM4,1996,11,0.0036751788866666,0.0018453672768199729,0.0034063291616666,0.0006316987865,0.0031352251384615,0.003316492464317322,0.0018074541076923,0.0011892481615384,15.138333333333332,18.473095574273003,11.398833333333332,11.581,16.642307692307693,19.738465325771234,12.302307692307693,12.624615384615383
CCSM4,1997,9,0.0034881359599830313,0.003912878284682933,0.0012508766971666,0.00253936479737134,0.006252075222280881,0.0039446255910886695,0.0016890791230769,0.003969973708701897,14.165730980767146,16.636931060791014,9.4455,10.948946207682292,14.499965168879584,17.628778596535707,10.813076923076922,11.120050130990835
CCSM4,1997,10,0.0031481741522257642,0.0062674557583333,0.0012508766971666,0.0013247018583333,0.003128202199481545,0.00400924824007483,0.0016890791230769,0.00144765,14.933706848144531,16.631296752929686,9.4455,10.045666666666667,15.402681947365785,17.312994777972882,10.813076923076922,11.807692307692308
CCSM4,1997,11,0.0032858562583333,0.0034125375297929797,0.0012508766971666,0.0013247018583333,0.0063817600461538,0.0039039203193958682,0.0016890791230769,0.00144765,13.8135,17.35994924926758,9.4455,10.045666666666667,14.85,17.376049180642152,10.813076923076922,11.807692307692308
CCSM4,1998,9,0.0017754310450908836,0.0019514905821447978,0.0007986744046666,0.0013865398356772815,0.005183807467567836,0.003945098932589118,0.0010528142384615,0.0014345253231953735,15.233448879665799,17.813669258965387,10.257,12.499865434434678,15.353895733173076,17.51832085242638,10.077692307692306,13.24607355949206
CCSM4,1998,10,0.001816939804535137,0.0019051521276064313,0.0007986744046666,0.004086210905,0.0019285807093949833,0.0020772710942901186,0.0010528142384615,0.0026172478923076,15.044520365397133,17.884442728678387,10.257,10.506166666666669,16.68367157764924,19.816122698661605,10.077692307692306,11.228461538461538
CCSM4,1998,11,0.0006552159478333,0.0031328531208460633,0.0007986744046666,0.004086210905,0.0010809825923076,0.003893835457604684,0.0010528142384615,0.0026172478923076,16.652166666666666,17.95072364637587,10.257,10.506166666666669,17.405384615384612,17.70232889811198,10.077692307692306,11.228461538461538
CCSM4,1999,9,0.001706831013341582,0.0016866352055165217,0.0016386332933333,0.0018385461160559257,0.0012790902838960812,0.0015676217322803001,0.0017541111846153,0.0017188604064997863,14.230329956054687,18.404526936848956,10.206166666666666,11.25040158420139,15.309701774792792,19.90924585586939,10.68846153846154,12.07218305538862
CCSM4,1999,10,0.003355634238257845,0.0017161670271250648,0.0016386332933333,0.001259037175,0.004420042002851062,0.0028546482365565157,0.0017541111846153,0.0039270861461538,15.921420637342665,21.07583333333333,10.206166666666666,11.969,15.372789873954577,21.14665912725987,10.68846153846154,12.787692307692309
CCSM4,1999,11,0.001315220095,0.0027894493291535684,0.0016386332933333,0.001259037175,0.0017226369307692,0.007090050107416999,0.0017541111846153,0.0039270861461538,14.942,17.62099441189236,10.206166666666666,11.969,15.103076923076925,17.61754875769982,10.68846153846154,12.787692307692309
CCSM4,2000,9,0.001873546360486269,0.002119166661108394,0.0009749613721666,0.0015208803773883912,0.003060700998973751,0.003928121837418832,0.0012347461538461,0.0015415405040637728,14.721598558213977,18.296466959635413,8.275833333333333,10.471721399943036,15.859782104492188,19.356062131050308,9.357692307692307,12.06591941442245
CCSM4,2000,10,0.0038954466790267184,0.0024950587473981318,0.0009749613721666,0.0025673152733333,0.007299372936374083,0.0037981561014054626,0.0012347461538461,0.0026329645,13.833985812717014,17.34482015991211,8.275833333333333,10.394833333333333,15.913382122333237,18.857557020920975,9.357692307692307,11.786153846153846
CCSM4,2000,11,0.0026678252283333,0.0019890735392069734,0.0009749613721666,0.0025673152733333,0.004482651476923,0.002904226354850063,0.0012347461538461,0.0026329645,13.0285,17.021980575561525,8.275833333333333,10.394833333333333,14.834615384615384,18.844165469438604,9.357692307692307,11.786153846153846
CCSM4,2001,9,0.0018357893449176311,0.0022380695289079128,0.003326475595,0.0018131392825358982,0.003838841759076724,0.0033403466782617485,0.0025783614384615,0.004291614690963333,15.02139628431532,18.51158641221788,10.807666666666668,11.584513631184898,15.415667372483476,19.453832080547627,11.97923076923077,11.795485006479117
CCSM4,2001,10,0.0058194701233333,0.0030067495105391743,0.003326475595,0.0028308876633333,0.0092191375,0.0037337735382464827,0.0025783614384615,0.0033977312538461,13.737290437486436,16.41408004760742,10.807666666666668,10.933333333333334,15.079898951603818,17.65112751887395,11.97923076923077,12.09153846153846
CCSM4,2001,11,0.0032537956016666,0.0062674557583333,0.003326475595,0.0028308876633333,0.0065836042230769,0.005413218609272136,0.0025783614384615,0.0033977312538461,14.5725,19.127606664021812,10.807666666666668,10.933333333333334,15.91846153846154,18.86307551848583,11.97923076923077,12.09153846153846
CCSM4,2002,9,0.004583261509024291,0.0029663229349622517,0.0050765002716666,0.004087093993226357,0.002415757146474883,0.0023926917855567084,0.0040034717538461,0.0015747971314632432,15.195807169596353,18.820943922254774,9.46,11.115544569227431,16.81036398863181,20.026508548443136,10.839230769230769,12.506586180466874
CCSM4,2002,10,0.002045974153570522,0.0033136909331932494,0.0050765002716666,0.0016042616683333,0.0025879000050078606,0.005292207676788978,0.0040034717538461,0.0020752432692307,15.58359990946452,17.894401913113064,9.46,11.087333333333332,16.14618351862981,17.881146361522184,10.839230769230769,12.15230769230769
CCSM4,2002,11,0.0035790466849999,0.002009283108029551,0.0050765002716666,0.0016042616683333,0.0061492814461538,0.002019290976818484,0.0040034717538461,0.0020752432692307,15.619,21.07583333333333,9.46,11.087333333333332,16.53076923076923,22.074615384615388,10.839230769230769,12.15230769230769
CCSM4,2003,9,0.001718428091965939,0.0022604458656379873,0.0012828839783333,0.0008668035139814382,0.001501879882247051,0.0030397299358958093,0.000972574876923,0.001326410843751607,13.265196548461914,17.726832326253255,8.739333333333333,10.16021637641059,15.199157832219052,18.98187697190505,9.387692307692308,11.7062391995161
CCSM4,2003,10,0.0018496197845076722,0.0024568744944132056,0.0012828839783333,0.0010545791355,0.0021486663266434194,0.003931004663158791,0.000972574876923,0.0008788287753846,15.192301462809244,17.76347423638238,8.739333333333333,12.315,16.939746919289615,18.861373568803838,9.387692307692308,13.253076923076922
CCSM4,2003,11,0.003805307455,0.0021207540594586328,0.0012828839783333,0.0010545791355,0.0031338403923076,0.003018548680316814,0.000972574876923,0.0008788287753846,15.8675,18.595680063883464,8.739333333333333,12.315,17.104615384615382,19.895169622959234,9.387692307692308,13.253076923076922
CCSM4,2004,9,0.0011403040334409683,0.0018457517714822558,0.00228868631,0.0015328212747141425,0.0022001062874410482,0.003323193039669037,0.0018942449230769,0.0016050077760336834,13.688957105848525,16.566373219807943,9.378333333333334,11.61880196126302,14.807484220847105,18.249217337583886,10.371538461538462,12.457639627701196
CCSM4,2004,10,0.0006855362073314012,0.0021565067496368585,0.00228868631,0.0014357167861666,0.0009374001301893807,0.0033828744832593047,0.0018942449230769,0.0012266888461538,15.811799655490452,18.569132815890843,9.378333333333334,11.911666666666669,17.50923076923077,19.751846782977765,10.371538461538462,12.986923076923077
CCSM4,2004,11,0.0028363446033333,0.0029853470236285693,0.00228868631,0.0014357167861666,0.0026201917153846,0.004125789878196953,0.0018942449230769,0.0012266888461538,13.9935,16.61358601888021,9.378333333333334,11.911666666666669,15.335384615384616,18.608861580873146,10.371538461538462,12.986923076923077
CCSM4,2005,9,0.0037021507945609166,0.0030101368549193945,0.0016949423149999,0.0041884895633333,0.0044156081524037265,0.003932528418814398,0.0016545047692307,0.0029586471718319875,15.640277399698894,19.148766789754234,9.215833333333334,11.768460337320962,16.60904318002554,19.41593753130008,10.27076923076923,12.3945993354993
CCSM4,2005,10,0.0020608068104470004,0.0014304161427743805,0.0016949423149999,0.0020055071066666,0.0018339316693461115,0.001964362867871697,0.0016545047692307,0.0017550258307692,15.017477332221134,19.825182196723095,9.215833333333334,11.079,16.53550666417831,20.115258354773893,10.27076923076923,12.448461538461537
CCSM4,2005,11,0.0008726484736666,0.0019779506734177877,0.0016949423149999,0.0020055071066666,0.0016885542076923,0.001976210012110254,0.0016545047692307,0.0017550258307692,13.910833333333333,18.385855441623264,9.215833333333334,11.079,15.617692307692309,19.732498028094952,10.27076923076923,12.448461538461537
CCSM4,2006,9,0.002520788627416645,0.0027268683612257736,0.0003014498436666,0.0007533845359774666,0.0016773591920603594,0.0025009092632851137,0.0001177927312307,0.001142155787925196,14.924816738552519,17.976173399183487,9.361833333333331,12.22696278889974,16.39158296829615,18.865621869991987,10.085384615384616,12.831278670873397
CCSM4,2006,10,0.0025722549031748647,0.00211488261948512,0.0003014498436666,0.00122344609,0.00244221184352752,0.003946953398501135,0.0001177927312307,0.0012215905692307,15.357207711113823,18.492858791775173,9.361833333333331,12.2205,16.602005004882812,18.78316224709535,10.085384615384616,13.37
CCSM4,2006,11,0.004495425195,0.0017172187436360232,0.0003014498436666,0.00122344609,0.0071584808384615,0.00333619049099913,0.0001177927312307,0.0012215905692307,15.2205,18.829621086968316,9.361833333333331,12.2205,16.85923076923077,18.786071589543266,10.085384615384616,13.37
CCSM4,2007,9,0.0036088635451972414,0.002913607328117903,0.0004776765558333,0.001061007523676533,0.006677624437253638,0.004104806798127729,0.0002709048523076,0.0011837884280816895,14.78483498128255,18.01743408203125,7.1285,11.977554656982422,15.992371849646936,18.821294410901196,7.690769230769231,13.295687355628381
CCSM4,2007,10,0.0011487208127802834,0.0018135012907607797,0.0004776765558333,0.0041884895633333,0.0023934830354104563,0.0031484166304540377,0.0002709048523076,0.0038300106692307,15.163979990641277,18.390771138509113,7.1285,12.724166666666669,15.902050417386569,18.9849897648738,7.690769230769231,13.762307692307692
CCSM4,2007,11,0.0016880499116666,0.0017208168748709608,0.0004776765558333,0.0041884895633333,0.0057192514923076,0.0018210041008390734,0.0002709048523076,0.0038300106692307,15.801666666666668,17.995919189453126,7.1285,12.724166666666669,16.576923076923077,19.635900972806493,7.690769230769231,13.762307692307692
CCSM4,2008,9,0.0033142820556311204,0.002103959319835616,0.0004003411043333,0.0009340078448945657,0.0017753019261176543,0.002931302671565918,0.001266040576923,0.0009494635177560399,13.83010011461046,17.764939653184676,9.571333333333332,11.610016642252605,15.46816861666166,19.71348176222581,9.669230769230769,12.615444852388821
CCSM4,2008,10,0.003491572093248526,0.00273691115527456,0.0004003411043333,0.0015765793416666,0.006664967018406554,0.00539843492883314,0.001266040576923,0.0020963382846153,13.377949462890625,17.574149929470487,9.571333333333332,11.581666666666669,14.834337821373573,19.308001779409555,9.669230769230769,12.436923076923078
CCSM4,2008,11,0.0018181729866666,0.0018313134511682334,0.0004003411043333,0.0015765793416666,0.0043168138307692,0.0032787396874094554,0.001266040576923,0.0020963382846153,15.189333333333334,19.367806750827366,9.571333333333332,11.581666666666669,15.590000000000002,20.375726670485285,9.669230769230769,12.436923076923078
CCSM4,2009,9,0.0027844183187562483,0.0019038829957075507,0.0002366291751666,0.0026210098846147084,0.004556142723029319,0.003418198257191754,5.455994784615384e-05,0.0049651711999999,15.807003309461805,19.39268854437934,11.874333333333334,12.203626251220705,17.14662845709385,19.821116773165187,13.72153846153846,12.836715522179237
CCSM4,2009,10,0.0025848522003074823,0.005218475928670601,0.0002366291751666,0.0012378007383333,0.004156906819871182,0.004431386258070117,5.455994784615384e-05,0.0042377024846153,14.59560656399197,18.604766672770182,11.874333333333334,10.398666666666664,15.455159626496146,19.992275455181417,13.72153846153846,11.02846153846154
CCSM4,2009,11,0.0006349354686666,0.0024537872266511603,0.0002366291751666,0.0012378007383333,0.001119026666923,0.003402068693939622,5.455994784615384e-05,0.0042377024846153,15.255666666666666,17.895476386176217,11.874333333333334,10.398666666666664,16.205384615384617,20.43526937631461,13.72153846153846,11.02846153846154
CCSM4,2010,9,0.0019398649665635715,0.0017779252665165559,0.0001984192882499,0.0012602738388218693,0.0024123739010214673,0.0020561094223562988,0.00051609281,0.002392672966191309,12.760914299858939,16.88868127441406,8.587833333333332,10.203559273613823,14.854731014936398,18.825208112276517,9.016153846153848,11.654427771935097
CCSM4,2010,10,0.0004927781712103139,0.0016504670029806442,0.0001984192882499,0.00170069663,0.0015632321581397462,0.0025039784256538876,0.00051609281,0.0049651711999999,14.282038177490234,16.542189310709634,8.587833333333332,11.706666666666669,15.860987548828126,17.650700384286733,9.016153846153848,12.576153846153847
CCSM4,2010,11,0.0030543921433333,0.0027423335313708085,0.0001984192882499,0.00170069663,0.0014130517692307,0.002101386998008102,0.00051609281,0.0049651711999999,14.765666666666668,16.31204353841146,8.587833333333332,11.706666666666669,15.366153846153846,17.892211526724008,9.016153846153848,12.576153846153847
CCSM4,2011,9,0.0031804469624246512,0.0028894814145269516,0.0009813196851666,0.0006180018410997674,0.005892659469683677,0.003416271866789386,0.0006390027223076,0.0011792980892851453,13.41206184217665,16.33483797709147,8.731833333333332,10.484283933851454,14.620915046105019,17.56215850830078,8.911538461538461,12.183664709237906
CCSM4,2011,10,0.0029413052614446623,0.001649451179993501,0.0009813196851666,0.0014711385066666,0.00312347089794205,0.001692098587280159,0.0006390027223076,0.000762641396923,13.357357811821831,16.619231770833334,8.731833333333332,12.47,14.981880688789563,18.748345982478217,8.911538461538461,13.84769230769231
CCSM4,2011,11,0.0017415658316666,0.001636173301629574,0.0009813196851666,0.0014711385066666,0.0018252880076923,0.0017661076779421623,0.0006390027223076,0.000762641396923,13.249,17.335166068183053,8.731833333333332,12.47,14.88846153846154,19.400824209359975,8.911538461538461,13.84769230769231
CCSM4,2012,9,0.003913347881069616,0.0034429173243310015,0.00310846067,0.0012767330097981278,0.006610392657213093,0.005404613039671076,0.0060142819153846,0.002619096812242108,15.19771838209364,16.81812144470215,9.865166666666664,11.81798508707682,16.401749017177487,18.283045137845555,10.594615384615384,13.30359166854467
CCSM4,2012,10,0.00154973124653058,0.002024531426542786,0.00310846067,0.0008228101465,0.0016614145522186427,0.003334587814479727,0.0060142819153846,0.0013713429,15.171636515299479,17.956647235446507,9.865166666666664,12.1925,16.60558324960562,18.982286678216397,10.594615384615384,13.010769230769233
CCSM4,2012,11,0.0019314478133333,0.002181768250535307,0.00310846067,0.0008228101465,0.0092191375,0.0039389715732517355,0.0060142819153846,0.0013713429,15.032166666666663,18.60014116753472,9.865166666666664,12.1925,15.88,18.85926048865685,10.594615384615384,13.010769230769233
CCSM4,2013,9,0.0019381481440699914,0.0024236526313099003,0.0005198100125,0.0012931994286900486,0.00391152595951758,0.0031688679790891905,0.000183684806923,0.0024358177908189904,15.488518147786456,17.562909288194444,8.783666666666667,11.979194056193034,16.88937269944411,18.612420689509467,9.708461538461538,13.84769230769231
CCSM4,2013,10,0.0045565530948670566,0.0020046958220682554,0.0005198100125,0.0025751685716666,0.00512971276556245,0.0020016847035249884,0.000183684806923,0.0016268073999999,14.084716824001736,19.148104939778648,8.783666666666667,10.296,15.365961867112382,22.074615384615388,9.708461538461538,11.799230769230768
CCSM4,2013,11,0.0025216028566666,0.003318994494364732,0.0005198100125,0.0025751685716666,0.0018435327846153,0.003988523853597092,0.000183684806923,0.0016268073999999,15.054833333333333,18.090955827501084,8.783666666666667,10.296,16.80923076923077,18.960718379876553,9.708461538461538,11.799230769230768
CCSM4,2014,9,0.0031670156597599503,0.005198390459782316,0.0021481674816666,0.0016403746263912084,0.0031287834150355662,0.007124366587576763,0.0024051851230769,0.0020776596547754213,15.925897820366753,19.831312415228954,11.024166666666668,12.724166666666669,17.106270597408972,21.12346576788487,11.822307692307692,13.762215206439679
CCSM4,2014,10,0.002618700739966029,0.00185492157355192,0.0021481674816666,0.00127250048,0.006423185890503976,0.003966422732676092,0.0024051851230769,0.001555760776923,14.970370700412325,18.656454971313472,11.024166666666668,12.942,15.568074192144932,18.851668544671472,11.822307692307692,13.71923076923077
CCSM4,2014,11,0.0058194701233333,0.0020892474310877994,0.0021481674816666,0.00127250048,0.0024210154461538,0.002445260513440925,0.0024051851230769,0.001555760776923,15.511,18.39767192586263,11.024166666666668,12.942,17.50923076923077,19.258951130402394,11.822307692307692,13.71923076923077
CCSM4,2015,9,0.0058194701233333,0.0062674557583333,0.0012370079783333,0.003036012947282502,0.0092191375,0.0076186139076923,0.0020831698307692,0.003852622872063427,15.109910954793293,18.524016459147134,10.5775,11.936206841362848,15.875273932432519,18.81332710461739,11.441538461538462,12.99983642578125
CCSM4,2015,10,0.002971286645240954,0.0039343576032222355,0.0012370079783333,0.000655511557,0.006210476137962374,0.0076186139076923,0.0020831698307692,0.0013200716461538,14.142741707695857,18.085774197048607,10.5775,10.511333333333331,15.115097184792544,19.576239107572114,11.441538461538462,11.694615384615386
CCSM4,2015,11,0.0034296463533333,0.005201652540034487,0.0012370079783333,0.000655511557,0.0040766087307692,0.0076186139076923,0.0020831698307692,0.0013200716461538,11.511166666666666,16.402264658610026,10.5775,10.511333333333331,12.95,17.582985483805338,11.441538461538462,11.694615384615386
CCSM4,2016,9,0.0008107020224861145,0.001452040084533648,0.0002492594438333,0.00124933023351518,0.0019581034323109844,0.002139678448440579,0.0001952380138461,0.0013508968518005369,16.652166666666666,21.07583333333333,10.8455,12.729023952907987,17.50923076923077,22.074615384615388,11.464615384615383,13.713088061992938
CCSM4,2016,10,0.0036997176063013146,0.0028902628709683966,0.0002492594438333,0.0009431475408333,0.005893215407172551,0.003330300970950035,0.0001952380138461,0.0014420995230769,15.538546630859374,19.38773961046007,10.8455,11.253666666666668,16.130855313814607,19.90984857803736,11.464615384615383,12.65846153846154
CCSM4,2016,11,0.0026158612783333,0.0011785358894196717,0.0002492594438333,0.0009431475408333,0.0046621342615384,0.0028621549448606034,0.0001952380138461,0.0014420995230769,14.1945,19.399403683132597,10.8455,11.253666666666668,15.38846153846154,20.019035556499777,11.464615384615383,12.65846153846154
ERA,1993,12,0.001886364015,0.0029613656483333,0.0002037468094666,0.0006287615638333,0.0021569193923076,0.005082487076923,0.0006215181346153,0.0026867292076923,14.787833333333332,16.4695,10.112333333333334,11.635666666666667,16.042307692307695,17.662307692307692,10.272307692307692,11.61076923076923
ERA,1994,12,0.0018797678766666,0.0017442522216666,0.0012941801501666,0.0008188242105,0.0025635926307692,0.0018445626076923,0.0023313458076923,0.0015862611846153,13.506666666666666,19.33833333333333,9.102,11.9975,14.715384615384616,19.764615384615382,9.853076923076925,12.882307692307691
ERA,1995,12,0.00200906262,0.003304331575,0.0010596451895,0.0005364235754999,0.0023878548230769,0.0040762257615384,0.000590114456923,0.001148120646923,14.151666666666667,18.0225,8.553833333333333,11.863666666666663,15.503846153846156,19.73923076923077,9.41846153846154,13.288461538461538
ERA,1996,12,0.0036751788866666,0.0030385003916666,0.0034063291616666,0.0006316987865,0.0031352251384615,0.0033304717615384,0.0018074541076923,0.0011892481615384,15.138333333333332,18.581,11.398833333333332,11.581,16.642307692307693,19.933846153846154,12.302307692307693,12.624615384615383
ERA,1997,12,0.0032858562583333,0.002112853195,0.0012508766971666,0.0013247018583333,0.0063817600461538,0.0042256757461538,0.0016890791230769,0.00144765,13.8135,16.640666666666664,9.4455,10.045666666666667,14.85,17.69076923076923,10.813076923076922,11.807692307692308
ERA,1998,12,0.0006552159478333,0.0022639401283333,0.0007986744046666,0.004086210905,0.0010809825923076,0.0034286709384615,0.0010528142384615,0.0026172478923076,16.652166666666666,18.420166666666667,10.257,10.506166666666669,17.405384615384612,18.863846153846158,10.077692307692306,11.228461538461538
ERA,1999,12,0.001315220095,0.0028234903916666,0.0016386332933333,0.001259037175,0.0017226369307692,0.0020905679615384,0.0017541111846153,0.0039270861461538,14.942,17.893666666666668,10.206166666666666,11.969,15.103076923076925,18.86846153846154,10.68846153846154,12.787692307692309
ERA,2000,12,0.0026678252283333,0.0015934130583333,0.0009749613721666,0.0025673152733333,0.004482651476923,0.0033870570846153,0.0012347461538461,0.0026329645,13.0285,16.6145,8.275833333333333,10.394833333333333,14.834615384615384,17.327692307692306,9.357692307692307,11.786153846153846
ERA,2001,12,0.0032537956016666,0.0037002580216666,0.003326475595,0.0028308876633333,0.0065836042230769,0.0039327232307692,0.0025783614384615,0.0033977312538461,14.5725,17.038666666666668,10.807666666666668,10.933333333333334,15.91846153846154,17.67153846153846,11.97923076923077,12.09153846153846
ERA,2002,12,0.0035790466849999,0.0062674557583333,0.0050765002716666,0.0016042616683333,0.0061492814461538,0.0071104953076923,0.0040034717538461,0.0020752432692307,15.619,17.574833333333334,9.46,11.087333333333332,16.53076923076923,18.803846153846152,10.839230769230769,12.15230769230769
ERA,2003,12,0.003805307455,0.0018923617,0.0012828839783333,0.0010545791355,0.0031338403923076,0.0076186139076923,0.000972574876923,0.0008788287753846,15.8675,17.849,8.739333333333333,12.315,17.104615384615382,18.84,9.387692307692308,13.253076923076922
ERA,2004,12,0.0028363446033333,0.0020305001016666,0.00228868631,0.0014357167861666,0.0026201917153846,0.0031469953923076,0.0018942449230769,0.0012266888461538,13.9935,17.175666666666665,9.378333333333334,11.911666666666669,15.335384615384616,18.12076923076923,10.371538461538462,12.986923076923077
ERA,2005,12,0.0008726484736666,0.0033580248633333,0.0016949423149999,0.0020055071066666,0.0016885542076923,0.003357214,0.0016545047692307,0.0017550258307692,13.910833333333333,18.71583333333333,9.215833333333334,11.079,15.617692307692309,20.320769230769237,10.27076923076923,12.448461538461537
ERA,2006,12,0.004495425195,0.0008992985213333,0.0003014498436666,0.00122344609,0.0071584808384615,0.0014176116384615,0.0001177927312307,0.0012215905692307,15.2205,18.11283333333333,9.361833333333331,12.2205,16.85923076923077,18.858461538461537,10.085384615384616,13.37
ERA,2007,12,0.0016880499116666,0.0020546813533333,0.0004776765558333,0.0041884895633333,0.0057192514923076,0.0021274104846153,0.0002709048523076,0.0038300106692307,15.801666666666668,15.948,7.1285,12.724166666666669,16.576923076923077,17.744615384615386,7.690769230769231,13.762307692307692
ERA,2008,12,0.0018181729866666,0.001806857285,0.0004003411043333,0.0015765793416666,0.0043168138307692,0.0030216869,0.001266040576923,0.0020963382846153,15.189333333333334,21.07583333333333,9.571333333333332,11.581666666666669,15.590000000000002,22.074615384615388,9.669230769230769,12.436923076923078
ERA,2009,12,0.0006349354686666,0.0024767139466666,0.0002366291751666,0.0012378007383333,0.001119026666923,0.0033488309999999,5.455994784615384e-05,0.0042377024846153,15.255666666666666,17.722166666666666,11.874333333333334,10.398666666666664,16.205384615384617,19.39923076923077,13.72153846153846,11.02846153846154
ERA,2010,12,0.0030543921433333,0.0019779961783333,0.0001984192882499,0.00170069663,0.0014130517692307,0.0020053327384615,0.00051609281,0.0049651711999999,14.765666666666668,16.664666666666665,8.587833333333332,11.706666666666669,15.366153846153846,18.993076923076924,9.016153846153848,12.576153846153847
ERA,2011,12,0.0017415658316666,0.0051281527016666,0.0009813196851666,0.0014711385066666,0.0018252880076923,0.003937819376923,0.0006390027223076,0.000762641396923,13.249,19.732000000000003,8.731833333333332,12.47,14.88846153846154,21.063846153846157,8.911538461538461,13.84769230769231
ERA,2012,12,0.0019314478133333,0.0030088431283333,0.00310846067,0.0008228101465,0.0092191375,0.0039574886153846,0.0060142819153846,0.0013713429,15.032166666666663,19.0885,9.865166666666664,12.1925,15.88,19.914615384615384,10.594615384615384,13.010769230769233
ERA,2013,12,0.0025216028566666,0.0016828419733333,0.0005198100125,0.0025751685716666,0.0018435327846153,0.003986189576923,0.000183684806923,0.0016268073999999,15.054833333333333,18.36383333333333,8.783666666666667,10.296,16.80923076923077,19.734615384615385,9.708461538461538,11.799230769230768
ERA,2014,12,0.0058194701233333,0.0025025790616666,0.0021481674816666,0.00127250048,0.0024210154461538,0.002201244676923,0.0024051851230769,0.001555760776923,15.511,17.75433333333333,11.024166666666668,12.942,17.50923076923077,19.50692307692308,11.822307692307692,13.71923076923077
ERA,2015,12,0.0034296463533333,0.0018188489266666,0.0012370079783333,0.000655511557,0.0040766087307692,0.0028515025615384,0.0020831698307692,0.0013200716461538,11.511166666666666,18.63133333333333,10.5775,10.511333333333331,12.95,18.71,11.441538461538462,11.694615384615386
ERA,2016,12,0.0026158612783333,0.0021078780216666,0.0002492594438333,0.0009431475408333,0.0046621342615384,0.0020745427615384,0.0001952380138461,0.0014420995230769,14.1945,18.55933333333333,10.8455,11.253666666666668,15.38846153846154,19.40153846153846,11.464615384615383,12.65846153846154
ERA,2017,12,0.0018260352313518,0.0037566831568255,0.0027208048850297,0.0015837627773483,0.002300517203716,0.0021418714448092,0.0035068657822333,0.0035381193201128,14.570166015625023,15.93146158854169,10.639404296875025,12.182340494791692,15.628038611778871,18.270166015625023,11.765020282451948,12.6923039362981
ERA,2018,12,0.0025824682515424,0.0048032628372311,0.0005986328508393,0.002177894495738,0.0025058441902868,0.0060012918682052,0.0012262861620491,0.0025055039351662,13.865397135416693,17.361458333333356,9.609309895833356,13.058707682291692,15.851277043269256,18.8146183894231,9.606460336538486,14.406884765625025
ERA,2019,12,0.0025138680047044,0.0020739615273971,0.0003022268550314,0.0013352552506451,0.0022423767950385,0.0025666785569717,0.0001550408409316,0.0002661549548904,13.764192708333358,18.50830078125002,9.839160156250024,11.484244791666692,16.04790414663464,21.228117487980796,10.68774038461541,13.57367037259618
ERA,2020,12,0.0023406609116742,0.0021516859434389,0.000962755565221,0.0011618641360351,0.0041640566554493,0.0011772136472594,0.0001599773945949,0.0035011731983663,14.158496093750024,19.521679687500026,9.807470703125023,11.563346354166692,14.8859074519231,20.34819711538464,10.90057466947118,12.463994891826948
ERA,2021,12,0.0006708608513387,0.0032356948281327,0.0006456697514901,0.0017213816133637,0.0011818387563554,0.004233618840002,0.0003280643924461,0.0035956466498855,16.190332031250023,18.16263020833336,10.858024088541692,12.901399739583358,16.474924879807716,19.1715519831731,11.144151893028871,13.251179387019256
ERA,2022,12,0.0018070945263994,0.0016585966416944,0.0004579860988693,0.0004417491029016,0.0013131603616504,0.0015652598992276,0.0003981450796485,0.0002861376840602,14.399397786458358,19.34985351562502,9.704964192708358,12.970703125000025,16.099380258413483,21.27170597956733,10.701280799278871,14.01995943509618
GFDL,1993,9,0.001769705133401181,0.002060981206609594,0.0002037468094666,0.0009714691775383317,0.0030905732614558553,0.004003877345006979,0.0006215181346153,0.0011869804877774105,13.948332895914714,17.02161817932129,10.112333333333334,10.15076009114583,15.217640040471005,17.887110791328627,10.272307692307692,11.754964634821965
GFDL,1993,10,0.0033014774878172472,0.005211250872181291,0.0002037468094666,0.0006287615638333,0.00666529965206083,0.007152616000351806,0.0006215181346153,0.0026867292076923,13.9775298377143,16.770414794921876,10.112333333333334,11.635666666666667,15.107730982853818,17.593546592516773,10.272307692307692,11.61076923076923
GFDL,1993,11,0.001886364015,0.002034116078273842,0.0002037468094666,0.0006287615638333,0.0021569193923076,0.003931501418202457,0.0006215181346153,0.0026867292076923,14.787833333333332,17.633185087415907,10.112333333333334,11.635666666666667,16.042307692307695,18.583702674278847,10.272307692307692,11.61076923076923
GFDL,1994,9,0.001895452611212839,0.002461481364833587,0.0012941801501666,0.000852215063378783,0.005898022472103149,0.005353987367728047,0.0023313458076923,0.0016967914505428784,12.892272764417859,16.44806928507487,9.102,10.970368389553496,14.62267206632174,17.584757620004506,9.853076923076925,12.18017426123986
GFDL,1994,10,0.003599399062730862,0.0024733509096178156,0.0012941801501666,0.0008188242105,0.005165589814531718,0.004439821328584797,0.0023313458076923,0.0015862611846153,12.74054445224338,16.472719436645505,9.102,11.9975,15.057282904600486,17.574208825918344,9.853076923076925,12.882307692307691
GFDL,1994,11,0.0018797678766666,0.0027155078872949383,0.0012941801501666,0.0008188242105,0.0025635926307692,0.0031289060185622905,0.0023313458076923,0.0015862611846153,13.506666666666666,17.982789355807835,9.102,11.9975,14.715384615384616,19.517359836284932,9.853076923076925,12.882307692307691
GFDL,1995,9,0.0020184615311783054,0.0020940489744717414,0.0010596451895,0.0006132728594399879,0.0024550533971309536,0.0021528895686460424,0.000590114456923,0.001319758465479739,14.3015791015625,17.567385199652776,8.553833333333333,10.486893186781142,16.409129184820713,18.822590805444964,9.41846153846154,12.915611292521158
GFDL,1995,10,0.0013011489827429946,0.0017130754906627586,0.0010596451895,0.0005364235754999,0.001067293552316149,0.001954134800132197,0.000590114456923,0.001148120646923,15.503990559895831,18.83661215549045,8.553833333333333,11.863666666666663,17.135967649802183,21.1401175572322,9.41846153846154,13.288461538461538
GFDL,1995,11,0.00200906262,0.0031286713925930574,0.0010596451895,0.0005364235754999,0.0023878548230769,0.001963843905027789,0.000590114456923,0.001148120646923,14.151666666666667,18.39293979390462,8.553833333333333,11.863666666666663,15.503846153846156,22.074615384615388,9.41846153846154,13.288461538461538
GFDL,1996,9,0.003913834503323671,0.001903769804003596,0.0034063291616666,0.0022091771206787392,0.00518444994603387,0.002074962606397968,0.0018074541076923,0.001988713347420517,15.04815958658854,17.071918863932293,11.398833333333332,12.18132298787435,16.67082831553924,18.83066227839543,12.302307692307693,13.311315158941806
GFDL,1996,10,0.0005943960687605789,0.0017643550756398284,0.0034063291616666,0.0006316987865,0.0011681543702193114,0.0015507055988169182,0.0018074541076923,0.0011892481615384,16.652166666666666,21.07583333333333,11.398833333333332,11.581,17.50923076923077,22.074615384615388,12.302307692307693,12.624615384615383
GFDL,1996,11,0.0036751788866666,0.0020629393831032394,0.0034063291616666,0.0006316987865,0.0031352251384615,0.0033587322925565394,0.0018074541076923,0.0011892481615384,15.138333333333332,18.576606984456376,11.398833333333332,11.581,16.642307692307693,19.45639875363081,12.302307692307693,12.624615384615383
GFDL,1997,9,0.002645003623988424,0.003912507926255568,0.0012508766971666,0.0030290018714679364,0.0025643399988466114,0.003953061585475343,0.0016890791230769,0.001456095578897587,13.15953215535482,16.557329772949217,9.4455,10.37333415561252,15.58923288198618,18.79219218327449,10.813076923076922,11.762108619885566
GFDL,1997,10,0.00201470253198563,0.001853603671454151,0.0012508766971666,0.0013247018583333,0.0018283588855813667,0.003327557098925248,0.0016890791230769,0.00144765,13.17315571085612,16.38271369934082,9.4455,10.045666666666667,15.841105346679688,18.82956090095716,10.813076923076922,11.807692307692308
GFDL,1997,11,0.0032858562583333,0.0018376351127651924,0.0012508766971666,0.0013247018583333,0.0063817600461538,0.0032040688266954157,0.0016890791230769,0.00144765,13.8135,17.840582933213977,9.4455,10.045666666666667,14.85,18.853720609224762,10.813076923076922,11.807692307692308
GFDL,1998,9,0.0026531479053626553,0.0027354056984097265,0.0007986744046666,0.0011072937092590138,0.0018157357918735522,0.0020681589037897,0.0010528142384615,0.001196146428005406,15.211841798570422,18.092780524359807,10.257,12.209400004069009,16.36284621801132,19.808900205172023,10.077692307692306,12.751219306358925
GFDL,1998,10,0.0030946185985292344,0.002914257932683841,0.0007986744046666,0.004086210905,0.0017836478697772985,0.0033117521902007846,0.0010528142384615,0.0026172478923076,15.10458467610677,16.995232004801434,10.257,10.506166666666669,15.81949432764298,18.73433841411884,10.077692307692306,11.228461538461538
GFDL,1998,11,0.0006552159478333,0.002077175612974473,0.0007986744046666,0.004086210905,0.0010809825923076,0.002009146053631394,0.0010528142384615,0.0026172478923076,16.652166666666666,17.842117999606664,10.257,10.506166666666669,17.405384615384612,19.36308316744291,10.077692307692306,11.228461538461538
GFDL,1999,9,0.0018762944814974542,0.001718036072323029,0.0016386332933333,0.0014469741592571916,0.004579933772946858,0.0034115656013327606,0.0017541111846153,0.002395527271200356,13.658058057996962,16.656043599446615,10.206166666666666,11.025249050564236,15.098878148396812,17.8697308799548,10.68846153846154,12.388511223426233
GFDL,1999,10,0.003482729272325993,0.0019720129779145536,0.0016386332933333,0.001259037175,0.0030785611475202088,0.0024728234056553373,0.0017541111846153,0.0039270861461538,13.352127777099609,17.31653254360623,10.206166666666666,11.969,14.741982054099058,18.7486773838141,10.68846153846154,12.787692307692309
GFDL,1999,11,0.001315220095,0.0020171698133721475,0.0016386332933333,0.001259037175,0.0017226369307692,0.0033079243296303203,0.0017541111846153,0.0039270861461538,14.942,16.55726837158203,10.206166666666666,11.969,15.103076923076925,17.96123593061398,10.68846153846154,12.787692307692309
GFDL,2000,9,0.003266934481671053,0.0020201748304249866,0.0009749613721666,0.001259037054678383,0.00666847833796438,0.003961730535830084,0.0012347461538461,0.002088290790727741,14.68723195054796,18.399148213704425,8.275833333333333,10.224758782280812,14.937836781037163,18.633841869647686,9.357692307692307,11.067568161793245
GFDL,2000,10,0.0017784479724991576,0.002255040678031176,0.0009749613721666,0.0025673152733333,0.00379039451520742,0.0028844239434527657,0.0012347461538461,0.0026329645,15.331592018975153,18.005600891113282,8.275833333333333,10.394833333333333,16.15897344735953,19.290203376183143,9.357692307692307,11.786153846153846
GFDL,2000,11,0.0026678252283333,0.002914145180564141,0.0009749613721666,0.0025673152733333,0.004482651476923,0.004393495183055048,0.0012347461538461,0.0026329645,13.0285,16.607957895914712,8.275833333333333,10.394833333333333,14.834615384615384,18.70026744940342,9.357692307692307,11.786153846153846
GFDL,2001,9,0.002002537127129425,0.0031085387536594375,0.003326475595,0.0014375242086221548,0.0017060528680552323,0.003331693949371238,0.0025783614384615,0.0025426857874280614,15.049911146375868,18.51006561957465,10.807666666666668,10.46579384358724,15.338708151792869,18.97621596116286,11.97923076923077,11.646578830816807
GFDL,2001,10,0.003698988693649776,0.00301097889470319,0.003326475595,0.0028308876633333,0.0062044139199739145,0.005414809169152075,0.0025783614384615,0.0033977312538461,14.927069274902344,16.82966602071126,10.807666666666668,10.933333333333334,15.49455527672401,17.705198645958536,11.97923076923077,12.09153846153846
GFDL,2001,11,0.0032537956016666,0.002708778464963286,0.003326475595,0.0028308876633333,0.0065836042230769,0.002869446806205045,0.0025783614384615,0.0033977312538461,14.5725,17.722146701388887,10.807666666666668,10.933333333333334,15.91846153846154,17.667524101061698,11.97923076923077,12.09153846153846
GFDL,2002,9,0.0025214412386722913,0.0033150551419511265,0.0050765002716666,0.001248706514421921,0.006423768645115945,0.0039166631218965926,0.0040034717538461,0.00297710545130259,14.279911483764648,17.71159565734863,9.46,11.824860636393227,15.34691699101375,18.68437973022461,10.839230769230769,12.606517897385817
GFDL,2002,10,0.001112422731501481,0.002485549930891568,0.0050765002716666,0.0016042616683333,0.0024250572591991873,0.0037621496746769894,0.0040034717538461,0.0020752432692307,15.803500145806206,19.147420201619468,9.46,11.087333333333332,16.68926642980331,19.710052951910555,10.839230769230769,12.15230769230769
GFDL,2002,11,0.0035790466849999,0.002988380724959175,0.0050765002716666,0.0016042616683333,0.0061492814461538,0.0034156640335231284,0.0040034717538461,0.0020752432692307,15.619,16.84735474141439,9.46,11.087333333333332,16.53076923076923,18.845378599900467,10.839230769230769,12.15230769230769
GFDL,2003,9,0.0027746762527177987,0.0014545358204173622,0.0012828839783333,0.0015495530608609241,0.003896474147584063,0.0031646838323670335,0.000972574876923,0.0020724498213918613,14.896072994656034,18.838234673394098,8.739333333333333,12.502948981391059,15.827788751064203,19.468778064434346,9.387692307692308,13.70271717169346
GFDL,2003,10,0.002491880285293614,0.002024151293283416,0.0012828839783333,0.0010545791355,0.0017916972727113636,0.002455240904751057,0.000972574876923,0.0008788287753846,15.534904373168946,19.38185861884223,8.739333333333333,12.315,17.371387602977258,20.442690234062006,9.387692307692308,13.253076923076922
GFDL,2003,11,0.003805307455,0.001756254458121808,0.0012828839783333,0.0010545791355,0.0031338403923076,0.003140240891416639,0.000972574876923,0.0008788287753846,15.8675,19.830161648220493,8.739333333333333,12.315,17.104615384615382,21.137730192526796,9.387692307692308,13.253076923076922
GFDL,2004,9,0.0008169746364883417,0.0017960544170463352,0.00228868631,0.0018165032455343803,0.0021540862962021352,0.003371587504339003,0.0018942449230769,0.0010621889522475715,15.176022291395398,19.14459923299154,9.378333333333334,11.908396538628471,15.57967957325471,19.353299654447117,10.371538461538462,12.567654700646035
GFDL,2004,10,0.0018874562421421286,0.0016641777054396613,0.00228868631,0.0014357167861666,0.003865084652847073,0.0033670946552274462,0.0018942449230769,0.0012266888461538,14.773612099541557,17.81840174018012,9.378333333333334,11.911666666666669,16.36345454289363,19.299994346423027,10.371538461538462,12.986923076923077
GFDL,2004,11,0.0028363446033333,0.0029315822112929413,0.00228868631,0.0014357167861666,0.0026201917153846,0.003947928575193145,0.0018942449230769,0.0012266888461538,13.9935,16.373489410400392,9.378333333333334,11.911666666666669,15.335384615384616,18.695479748065654,10.371538461538462,12.986923076923077
GFDL,2005,9,0.0017621764026043098,0.002704392767439051,0.0016949423149999,0.0005478683665089057,0.0009938756081033953,0.003914564919910388,0.0016545047692307,0.001227505846410082,15.802051832411026,18.598151167127817,9.215833333333334,10.715112111409505,16.57025915292593,19.788744107759914,10.27076923076923,11.43364287547576
GFDL,2005,10,0.0017343665020622095,0.002896794978946698,0.0016949423149999,0.0020055071066666,0.0012223188763713366,0.002090449575654845,0.0016545047692307,0.0017550258307692,15.02419372897678,18.40034620496962,9.215833333333334,11.079,16.5525513282189,19.712241985614483,10.27076923076923,12.448461538461537
GFDL,2005,11,0.0008726484736666,0.002399168107025878,0.0016949423149999,0.0020055071066666,0.0016885542076923,0.0033223344108160922,0.0016545047692307,0.0017550258307692,13.910833333333333,18.082315538194443,9.215833333333334,11.079,15.617692307692309,19.323633810190053,10.27076923076923,12.448461538461537
GFDL,2006,9,0.0029750175383760247,0.003020424901283939,0.0003014498436666,0.0012458933154551944,0.0019614464084837502,0.002060346032806946,0.0001177927312307,0.0038457878137319376,15.101273518880207,17.751979855007594,9.361833333333331,11.577501529269748,15.898127637031752,19.725095574794672,10.085384615384616,12.797989079402043
GFDL,2006,10,0.0058194701233333,0.0034360258054997486,0.0003014498436666,0.00122344609,0.0092191375,0.003988212198880174,0.0001177927312307,0.0012215905692307,14.556914089626735,18.300319586859803,9.361833333333331,12.2205,15.569074278611405,18.989056232158955,10.085384615384616,13.37
GFDL,2006,11,0.004495425195,0.0023642543526089872,0.0003014498436666,0.00122344609,0.0071584808384615,0.003909940910778003,0.0001177927312307,0.0012215905692307,15.2205,19.3884796617296,9.361833333333331,12.2205,16.85923076923077,18.77790354215182,10.085384615384616,13.37
GFDL,2007,9,0.0015799753644771552,0.0016590330845045389,0.0004776765558333,0.0024664874375715444,0.0015145824218102289,0.0031257633636665077,0.0002709048523076,0.0029146348964701513,15.535648239135742,19.838776506212028,7.1285,12.49918687438965,16.822062393579728,20.027397372906027,7.690769230769231,13.720167729304386
GFDL,2007,10,0.002942889843475435,0.002124387960935493,0.0004776765558333,0.0041884895633333,0.006199900724258455,0.003943083671247221,0.0002709048523076,0.0038300106692307,13.879542460123698,17.726144504123262,7.1285,12.724166666666669,15.322027404002656,18.752677318866436,7.690769230769231,13.762307692307692
GFDL,2007,11,0.0016880499116666,0.0018399980308139588,0.0004776765558333,0.0041884895633333,0.0057192514923076,0.001773739306330456,0.0002709048523076,0.0038300106692307,15.801666666666668,17.752079132080077,7.1285,12.724166666666669,16.576923076923077,19.790332166231593,7.690769230769231,13.762307692307692
GFDL,2008,9,0.0034794333838226,0.002225847604520052,0.0004003411043333,0.0009724057133688895,0.0038049213145285943,0.00294704656296403,0.001266040576923,0.0015056843564566055,15.546539693196612,18.496598559909398,9.571333333333332,12.333503494262695,16.910136096660906,19.429573802458936,9.669230769230769,13.266844586103389
GFDL,2008,10,0.00048571806805648666,0.0014546826216903894,0.0004003411043333,0.0015765793416666,0.0022216668371770696,0.0033362303636207576,0.001266040576923,0.0020963382846153,15.896263344658742,19.368960696750218,9.571333333333332,11.581666666666669,16.806625585311497,19.78096975473257,9.669230769230769,12.436923076923078
GFDL,2008,11,0.0018181729866666,0.0014834141441511677,0.0004003411043333,0.0015765793416666,0.0043168138307692,0.002394768585227563,0.001266040576923,0.0020963382846153,15.189333333333334,19.732000000000003,9.571333333333332,11.581666666666669,15.590000000000002,19.96733383178711,9.669230769230769,12.436923076923078
GFDL,2009,9,0.0015895649355916668,0.003138611724259963,0.0002366291751666,0.0013869403263560465,0.0043793214208427,0.004439585800830967,5.455994784615384e-05,0.0014618345132546128,15.922475401136609,19.396418046739367,11.874333333333334,11.98140594482422,17.40098965375851,19.743648998553937,13.72153846153846,13.44577776982234
GFDL,2009,10,0.001811189457289078,0.0030236392158639025,0.0002366291751666,0.0012378007383333,0.0026496830892854283,0.0030285104045981253,5.455994784615384e-05,0.0042377024846153,15.045092569986977,18.578239267985026,11.874333333333334,10.398666666666664,16.436550238193607,19.804382967826644,13.72153846153846,11.02846153846154
GFDL,2009,11,0.0006349354686666,0.0015429522190186424,0.0002366291751666,0.0012378007383333,0.001119026666923,0.001933070042801081,5.455994784615384e-05,0.0042377024846153,15.255666666666666,18.526265791151257,11.874333333333334,10.398666666666664,16.205384615384617,20.030122974102316,13.72153846153846,11.02846153846154
GFDL,2010,9,0.0004922164421367883,0.0017831612227185007,0.0001984192882499,0.00039274516926146455,0.001480992639576794,0.0020311475511162647,0.00051609281,0.0013818673149524313,14.941382019042969,18.572391337076823,8.587833333333332,11.572602945963544,16.12457822946402,20.42470775115185,9.016153846153848,12.794744315514198
GFDL,2010,10,0.001843575211575524,0.0017855467291200428,0.0001984192882499,0.00170069663,0.0014853481295033029,0.002040751590242396,0.00051609281,0.0049651711999999,14.15497846137153,17.76593601989746,8.587833333333332,11.706666666666669,15.395675371610205,19.41215269822341,9.016153846153848,12.576153846153847
GFDL,2010,11,0.0030543921433333,0.0013890685286052375,0.0001984192882499,0.00170069663,0.0014130517692307,0.001367541193490869,0.00051609281,0.0049651711999999,14.765666666666668,18.00069519042969,8.587833333333332,11.706666666666669,15.366153846153846,19.73339127760667,9.016153846153848,12.576153846153847
GFDL,2011,9,0.0018857615833597363,0.0017664274808688472,0.0009813196851666,0.0005400102040089261,0.0019698203882546933,0.0017493458286182537,0.0006390027223076,0.0010070454826568561,16.652166666666666,21.07583333333333,8.731833333333332,12.942,17.15237593430739,20.465917268410717,8.911538461538461,12.930772881141078
GFDL,2011,10,0.0027752324979383016,0.0020217350759669035,0.0009813196851666,0.0014711385066666,0.0023816037109613284,0.0019778922281660383,0.0006390027223076,0.000762641396923,14.619981043497722,18.25684619649251,8.731833333333332,12.47,15.99844151814779,19.41679202348758,8.911538461538461,13.84769230769231
GFDL,2011,11,0.0017415658316666,0.0062674557583333,0.0009813196851666,0.0014711385066666,0.0018252880076923,0.0020738658809341015,0.0006390027223076,0.000762641396923,13.249,18.37742241753472,8.731833333333332,12.47,14.88846153846154,19.807962552584133,8.911538461538461,13.84769230769231
GFDL,2012,9,0.0033328674097208577,0.0020261226856275296,0.00310846067,0.004093335160811413,0.005845791863529853,0.00341485874496989,0.0060142819153846,0.004229537869040069,13.783169801500108,17.332193783230252,9.865166666666664,11.800647288004555,14.43370365240635,17.22315017700195,10.594615384615384,11.766302572397086
GFDL,2012,10,0.0026615393105079827,0.003929485012918814,0.00310846067,0.0008228101465,0.004387760569256569,0.003943876260656369,0.0060142819153846,0.0013713429,15.205502271864148,18.46303303866916,9.865166666666664,12.1925,14.810185065636269,17.551254170735678,10.594615384615384,13.010769230769233
GFDL,2012,11,0.0019314478133333,0.003400296620753005,0.00310846067,0.0008228101465,0.0092191375,0.007114512817241247,0.0060142819153846,0.0013713429,15.032166666666663,18.860777180989583,9.865166666666664,12.1925,15.88,17.311827474740834,10.594615384615384,13.010769230769233
GFDL,2013,9,0.003704209360177524,0.00298287233066799,0.0005198100125,0.0011537076279645197,0.002566500990415945,0.002468839530609682,0.000183684806923,0.0008349572199324315,15.211498708089191,18.006952284071183,8.783666666666667,12.094729156494141,17.50923076923077,22.074615384615388,9.708461538461538,13.84769230769231
GFDL,2013,10,0.0019336014570630407,0.001756748459333697,0.0005198100125,0.0025751685716666,0.003049999545292219,0.003143237385789324,0.000183684806923,0.0016268073999999,15.221916646321613,18.64966481018066,8.783666666666667,10.296,16.87238585252028,20.023817279522238,9.708461538461538,11.799230769230768
GFDL,2013,11,0.0025216028566666,0.001838567934967373,0.0005198100125,0.0025751685716666,0.0018435327846153,0.005390611988086197,0.000183684806923,0.0016268073999999,15.054833333333333,18.83776419406467,8.783666666666667,10.296,16.80923076923077,18.831764150766226,9.708461538461538,11.799230769230768
GFDL,2014,9,0.0034651783834953598,0.005217173234389659,0.0021481674816666,0.0041884895633333,0.0092191375,0.0076186139076923,0.0024051851230769,0.0049651711999999,13.348549591064453,16.122804387410483,11.024166666666668,11.6271033782959,14.439616022354517,16.722678641294824,11.822307692307692,12.099659048227162
GFDL,2014,10,0.003858577697558976,0.0062674557583333,0.0021481674816666,0.00127250048,0.005880831076939613,0.004123528835602044,0.0024051851230769,0.001555760776923,13.682472120496962,16.588934611002603,11.024166666666668,12.942,14.254810470189806,17.35878428141276,11.822307692307692,13.71923076923077
GFDL,2014,11,0.0058194701233333,0.003917382438808783,0.0021481674816666,0.00127250048,0.0024210154461538,0.003971772636974875,0.0024051851230769,0.001555760776923,15.511,16.007882181803385,11.024166666666668,12.942,17.50923076923077,17.557008882180238,11.822307692307692,13.71923076923077
GFDL,2015,9,0.0058194701233333,0.0062674557583333,0.0012370079783333,0.0025338616992013775,0.00732687358566735,0.007146358828919628,0.0020831698307692,0.0038439399555452326,14.753651696099174,17.858907145182293,10.5775,11.330922363281251,15.808184509277345,18.78599352714343,11.441538461538462,12.47472037877792
GFDL,2015,10,0.003908585509688492,0.0033129567226629192,0.0012370079783333,0.000655511557,0.007309486036584909,0.0076186139076923,0.0020831698307692,0.0013200716461538,13.745894087049695,17.836067889743383,10.5775,10.511333333333331,14.997536793244194,18.83376284672664,11.441538461538462,11.694615384615386
GFDL,2015,11,0.0034296463533333,0.002019877482720417,0.0012370079783333,0.000655511557,0.0040766087307692,0.00402905988437676,0.0020831698307692,0.0013200716461538,11.511166666666666,18.61322107781304,10.5775,10.511333333333331,12.95,19.31098830394256,11.441538461538462,11.694615384615386
GFDL,2016,9,0.004591715672893515,0.0024450977987643765,0.0002492594438333,0.0016194835684429365,0.003088616327714824,0.0033320722372117712,0.0001952380138461,0.001546611615431113,14.04453054470486,17.834447914971246,10.8455,11.518626369900174,15.222439645620492,19.307404143504606,11.464615384615383,11.886500402597282
GFDL,2016,10,0.003270166608105697,0.002412688992579449,0.0002492594438333,0.0009431475408333,0.00422220646073034,0.003781083438694319,0.0001952380138461,0.0014420995230769,15.007980007595483,18.007665632459855,10.8455,11.253666666666668,15.289451998197116,18.793785599928633,11.464615384615383,12.65846153846154
GFDL,2016,11,0.0026158612783333,0.005222838298247692,0.0002492594438333,0.0009431475408333,0.0046621342615384,0.0076186139076923,0.0001952380138461,0.0014420995230769,14.1945,17.100632090250652,10.8455,11.253666666666668,15.38846153846154,17.54944412231445,11.464615384615383,12.65846153846154
NASA,1993,9,0.003602171930410457,0.002072345520782776,0.0002037468094666,0.0010726210161997101,0.0038597474046011973,0.003331715573875404,0.0006215181346153,0.0014352221718506508,12.835235728793673,16.469534994761148,10.112333333333334,10.208863939073352,14.802988639244667,17.465460025591725,10.272307692307692,11.452436827635154
NASA,1993,10,0.0019489827231217512,0.001503962923668579,0.0002037468094666,0.0006287615638333,0.004574738045995893,0.003415322543612048,0.0006215181346153,0.0026867292076923,13.855800047980415,17.89442670864529,10.112333333333334,11.635666666666667,14.36111695705316,17.492435816251312,10.272307692307692,11.61076923076923
NASA,1993,11,0.001886364015,0.0019986812298633523,0.0002037468094666,0.0006287615638333,0.0021569193923076,0.0032424908896979275,0.0006215181346153,0.0026867292076923,14.787833333333332,17.65611683485243,10.112333333333334,11.635666666666667,16.042307692307695,18.36838573651436,10.272307692307692,11.61076923076923
NASA,1994,9,0.003486287495772203,0.0024390842489000844,0.0012941801501666,0.0015132603490516244,0.0019154312998586557,0.0033287891689854705,0.0023313458076923,0.0020101198837214943,13.832848044925266,16.546022182464597,9.102,11.803983240763344,14.942271366608452,17.638791007995604,9.853076923076925,12.197132974771353
NASA,1994,10,0.0025611208494087396,0.0020957678954351532,0.0012941801501666,0.0008188242105,0.004253613865903135,0.005419684829094702,0.0023313458076923,0.0015862611846153,13.8402260216607,16.88014858118693,9.102,11.9975,15.538256729321605,18.739118388738387,9.853076923076925,12.882307692307691
NASA,1994,11,0.0018797678766666,0.0016615808253785164,0.0012941801501666,0.0008188242105,0.0025635926307692,0.00237270320394845,0.0023313458076923,0.0015862611846153,13.506666666666666,17.335871310340035,9.102,11.9975,14.715384615384616,18.8314894925631,9.853076923076925,12.882307692307691
NASA,1995,9,0.0008287847157052975,0.0024063419978947002,0.0010596451895,0.00062459752360458,0.0013325569094077268,0.002069328278668425,0.000590114456923,0.001236708132516272,15.129602670881482,18.658256621042884,8.553833333333333,11.682947372436525,16.70502987152491,22.074615384615388,9.41846153846154,12.920232003529867
NASA,1995,10,0.0016866268609299685,0.0016945386849665071,0.0010596451895,0.0005364235754999,0.0066702228069712355,0.003155542198459077,0.000590114456923,0.001148120646923,15.1710010371738,16.544326549530027,8.553833333333333,11.863666666666663,16.539228378198086,18.809780046022855,9.41846153846154,13.288461538461538
NASA,1995,11,0.00200906262,0.001953191876517126,0.0010596451895,0.0005364235754999,0.0023878548230769,0.002070651038559457,0.000590114456923,0.001148120646923,14.151666666666667,18.56520304192437,8.553833333333333,11.863666666666663,15.503846153846156,21.141538214072206,9.41846153846154,13.288461538461538
NASA,1996,9,0.0024991935963936205,0.0033196817955236367,0.0034063291616666,0.000570332268634805,0.0022216312333359235,0.0017827384628610276,0.0018074541076923,0.0008172228835761087,15.788628866407606,18.094602042304142,11.398833333333332,12.736069062974721,17.409451764913705,21.14793514349522,12.302307692307693,13.768009254749005
NASA,1996,10,0.001577278829823826,0.003932817329794272,0.0034063291616666,0.0006316987865,0.0013028917198249978,0.0020912958746872137,0.0018074541076923,0.0011892481615384,16.652166666666666,19.84208241822985,11.398833333333332,11.581,17.50923076923077,22.074615384615388,12.302307692307693,12.624615384615383
NASA,1996,11,0.0036751788866666,0.002429542907191372,0.0034063291616666,0.0006316987865,0.0031352251384615,0.0041199548417602365,0.0018074541076923,0.0011892481615384,15.138333333333332,19.4028839586046,11.398833333333332,11.581,16.642307692307693,19.98764709032499,12.302307692307693,12.624615384615383
NASA,1997,9,0.001635053251617593,0.001961195476458856,0.0012508766971666,0.0012598386057057179,0.007318809201405581,0.003921280495045193,0.0016890791230769,0.003533090225685472,14.047489301045736,17.850086933559844,9.4455,10.477567654079861,15.207294651911809,18.45877339876615,10.813076923076922,11.601222281822793
NASA,1997,10,0.001858701997184437,0.002020726457251894,0.0012508766971666,0.0013247018583333,0.003119900563898303,0.0030381235907191123,0.0016890791230769,0.00144765,13.257703052520752,17.614170569949682,9.4455,10.045666666666667,15.00782058128944,18.78104204324576,10.813076923076922,11.807692307692308
NASA,1997,11,0.0032858562583333,0.002743252523234535,0.0012508766971666,0.0013247018583333,0.0063817600461538,0.005413846385259125,0.0016890791230769,0.00144765,13.8135,16.265013122558592,9.4455,10.045666666666667,14.85,17.377904815673826,10.813076923076922,11.807692307692308
NASA,1998,9,0.0019408073314179063,0.0018341994972551124,0.0007986744046666,0.002189400846103292,0.0018061129920200667,0.0032593996048571,0.0010528142384615,0.001979227553154277,15.8675,19.39670065222846,10.257,12.942,16.537917885413535,18.837194880950147,10.077692307692306,12.950936118883963
NASA,1998,10,0.0016827351403036087,0.001972404580430727,0.0007986744046666,0.004086210905,0.001142926414151731,0.0015929030249770926,0.0010528142384615,0.0026172478923076,15.328990999009873,17.049142260233562,10.257,10.506166666666669,15.904383740547377,18.990595462505635,10.077692307692306,11.228461538461538
NASA,1998,11,0.0006552159478333,0.0030178994375836443,0.0007986744046666,0.004086210905,0.0010809825923076,0.003875682171190802,0.0010528142384615,0.0026172478923076,16.652166666666666,17.75131005774604,10.257,10.506166666666669,17.405384615384612,17.699124552408854,10.077692307692306,11.228461538461538
NASA,1999,9,0.0006388656016278509,0.0017003924045655163,0.0016386332933333,0.001793329257668932,0.0005402001828023995,0.0017255890003837874,0.0017541111846153,0.0015364425038949722,14.995735984378388,17.714370187123617,10.206166666666666,12.074586601257325,15.497177313291113,18.869964156028555,10.68846153846154,12.619003360454851
NASA,1999,10,0.0026528027597000296,0.0027803698728242217,0.0016386332933333,0.001259037175,0.006414100861140343,0.003922614278907832,0.0017541111846153,0.0039270861461538,15.093724717458088,19.144714150746665,10.206166666666666,11.969,15.50031490179209,19.44173567551833,10.68846153846154,12.787692307692309
NASA,1999,11,0.001315220095,0.002089148143984331,0.0016386332933333,0.001259037175,0.0017226369307692,0.002039456118219641,0.0017541111846153,0.0039270861461538,14.942,21.07583333333333,10.206166666666666,11.969,15.103076923076925,19.76035420882396,10.68846153846154,12.787692307692309
NASA,2000,9,0.002772779415005638,0.002982863586169896,0.0009749613721666,0.003036496584337263,0.006424021622129532,0.005418802074371471,0.0012347461538461,0.0025633654733226274,14.72227948167589,17.988547286987306,8.275833333333333,11.582511391957603,15.217368423755351,18.706819986685726,9.357692307692307,11.967809692284998
NASA,2000,10,0.003173664251872435,0.001746421755944212,0.0009749613721666,0.0025673152733333,0.004229165620899307,0.001957783654924314,0.0012347461538461,0.0026329645,13.356541626824272,16.01514616012573,8.275833333333333,10.394833333333333,15.233534316038474,17.495313215011205,9.357692307692307,11.786153846153846
NASA,2000,11,0.0026678252283333,0.002239106031901567,0.0009749613721666,0.0025673152733333,0.004482651476923,0.003944388339932022,0.0012347461538461,0.0026329645,13.0285,17.228087562561036,8.275833333333333,10.394833333333333,14.834615384615384,17.586384177574747,9.357692307692307,11.786153846153846
NASA,2001,9,0.002573448133525677,0.0017698577180826104,0.003326475595,0.0025530040190472818,0.005855435994395586,0.002103103527498423,0.0025783614384615,0.0049651711999999,13.441969619750976,17.68512633599175,10.807666666666668,10.993276652865939,14.401347615168646,17.731677772326346,11.97923076923077,11.59414899581518
NASA,2001,10,0.002638783283259663,0.0030106817158784475,0.003326475595,0.0028308876633333,0.002582485578681108,0.0024626720815525784,0.0025783614384615,0.0033977312538461,14.057797743903265,17.68110564507378,10.807666666666668,10.933333333333334,15.320382346128806,18.742874732384315,11.97923076923077,12.09153846153846
NASA,2001,11,0.0032537956016666,0.003263889367486518,0.003326475595,0.0028308876633333,0.0065836042230769,0.003976373226311662,0.0025783614384615,0.0033977312538461,14.5725,18.368355023701984,10.807666666666668,10.933333333333334,15.91846153846154,17.486822108244287,11.97923076923077,12.09153846153846
NASA,2002,9,0.002959591806637616,0.003374394311634694,0.0050765002716666,0.002206094591968374,0.0038092833463460297,0.004008849763156292,0.0040034717538461,0.002981865776257577,15.108605367024738,17.882919515397816,9.46,11.57668191019694,15.381998183421603,18.657976828355057,10.839230769230769,11.73021362891564
NASA,2002,10,0.003475572255595827,0.0038078662578980627,0.0050765002716666,0.0016042616683333,0.0017875511040820326,0.004090874402783307,0.0040034717538461,0.0020752432692307,14.151822435167102,18.59338552347819,9.46,11.087333333333332,16.147723384759367,19.77182611612173,10.839230769230769,12.15230769230769
NASA,2002,11,0.0035790466849999,0.0051281527016666,0.0050765002716666,0.0016042616683333,0.0061492814461538,0.0076186139076923,0.0040034717538461,0.0020752432692307,15.619,18.070148669772674,9.46,11.087333333333332,16.53076923076923,18.862105313814606,10.839230769230769,12.15230769230769
NASA,2003,9,0.0018560471321677386,0.003001268340982158,0.0012828839783333,0.0005667607218607996,0.0025641696587059503,0.0030188399607652514,0.000972574876923,0.001534386881601615,15.331810696072049,18.565404426150852,8.739333333333333,12.07282688776652,15.7894864884401,18.93755209702712,9.387692307692308,12.570395560631386
NASA,2003,10,0.003323023615799807,0.0026818603575140734,0.0012828839783333,0.0010545791355,0.006205603001283042,0.003934098558827369,0.000972574876923,0.0008788287753846,15.857692480723065,18.40468000157674,8.739333333333333,12.315,16.68870824960562,18.84479775551038,9.387692307692308,13.253076923076922
NASA,2003,11,0.003805307455,0.00330441739369042,0.0012828839783333,0.0010545791355,0.0031338403923076,0.002345758519532914,0.000972574876923,0.0008788287753846,15.8675,17.897920812394887,8.739333333333333,12.315,17.104615384615382,19.37484674013578,9.387692307692308,13.253076923076922
NASA,2004,9,0.0032704601572559255,0.0062674557583333,0.00228868631,0.0007485879266949749,0.0015505760276623563,0.003307717702395176,0.0018942449230769,0.0010066997272677961,15.346737956576877,18.604814356486003,9.378333333333334,12.510714751349555,16.788748006576146,20.427312553601396,10.371538461538462,13.725943591778094
NASA,2004,10,0.0006943079993855785,0.00171188225782842,0.00228868631,0.0014357167861666,0.005894896183649412,0.0076186139076923,0.0018942449230769,0.0012266888461538,15.227467984517414,18.104349179161918,9.378333333333334,11.911666666666669,16.13087534097525,18.73552548628587,10.371538461538462,12.986923076923077
NASA,2004,11,0.0028363446033333,0.002402377731760015,0.00228868631,0.0014357167861666,0.0026201917153846,0.003327531555372783,0.0018942449230769,0.0012266888461538,13.9935,18.318932347615554,9.378333333333334,11.911666666666669,15.335384615384616,19.7393221781804,10.371538461538462,12.986923076923077
NASA,2005,9,0.0058194701233333,0.00340228268196313,0.0016949423149999,0.001373220556920504,0.0092191375,0.004014044665661314,0.0016545047692307,0.0009830035409135337,14.80013298755222,18.366918012830947,9.215833333333334,11.879788740370008,16.02125181833903,18.936093873244065,10.27076923076923,13.3093423246726
NASA,2005,10,0.0013722011384634672,0.002029136706249307,0.0016949423149999,0.0020055071066666,0.001771468053014692,0.0020556678378261155,0.0016545047692307,0.0017550258307692,14.465085261027019,17.876635950724285,9.215833333333334,11.079,15.56169725418091,19.702361919696514,10.27076923076923,12.448461538461537
NASA,2005,11,0.0008726484736666,0.0018479096980417047,0.0016949423149999,0.0020055071066666,0.0016885542076923,0.002871319981508184,0.0016545047692307,0.0017550258307692,13.910833333333333,18.39958708021376,9.215833333333334,11.079,15.617692307692309,20.10614345354912,10.27076923076923,12.448461538461537
NASA,2006,9,0.0015200104334946172,0.0017008562330144764,0.0003014498436666,0.0011140265513008983,0.002599585197592852,0.0030590473226525415,0.0001177927312307,0.0013073691788532105,14.127250698513455,17.975398856692845,9.361833333333331,11.039602682749429,15.976328663459192,19.69584145619319,10.085384615384616,12.984310249915492
NASA,2006,10,0.0031867477542167925,0.003274153383658401,0.0003014498436666,0.00122344609,0.00302152027316084,0.004075834013449587,0.0001177927312307,0.0012215905692307,14.9112823515998,18.27610897488064,9.361833333333331,12.2205,16.435025963416464,19.677090470729727,10.085384615384616,13.37
NASA,2006,11,0.004495425195,0.0031441611774588726,0.0003014498436666,0.00122344609,0.0071584808384615,0.0038983783845519607,0.0001177927312307,0.0012215905692307,15.2205,17.72101968129476,9.361833333333331,12.2205,16.85923076923077,18.8165783735422,10.085384615384616,13.37
NASA,2007,9,0.0038932651192256163,0.0019896012158359512,0.0004776765558333,0.0014864816825552716,0.0030314252488532712,0.003353584911598207,0.0002709048523076,0.002061587711186217,14.751673817952472,17.62754044808282,7.1285,11.270588962131077,16.3649212543781,19.617347556872247,7.690769230769231,12.661957910977879
NASA,2007,10,0.0006056015184609335,0.0022346662607261834,0.0004776765558333,0.0041884895633333,0.0025003857349210593,0.0032804938947198557,0.0002709048523076,0.0038300106692307,14.75753575346205,17.829636977301703,7.1285,12.724166666666669,15.746988058823808,19.38348702944242,7.690769230769231,13.762307692307692
NASA,2007,11,0.0016880499116666,0.001887969027422626,0.0004776765558333,0.0041884895633333,0.0057192514923076,0.0017441421232618636,0.0002709048523076,0.0038300106692307,15.801666666666668,18.83580026075575,7.1285,12.724166666666669,16.576923076923077,19.67179884983943,7.690769230769231,13.762307692307692
NASA,2008,9,0.0017821842084165538,0.0027335863336831823,0.0004003411043333,0.001222221924830388,0.0023686025665650883,0.0018888805216511913,0.001266040576923,0.001108665032310902,13.126529301961265,17.095193285624187,9.571333333333332,10.42475431145562,15.636150161547542,19.732334949786846,9.669230769230769,12.421277860983823
NASA,2008,10,0.0024820667798830694,0.002456875177383094,0.0004003411043333,0.0015765793416666,0.001395300965935788,0.0033231380245819088,0.001266040576923,0.0020963382846153,14.602740683661567,16.65537284851074,9.571333333333332,11.581666666666669,17.407142601502244,19.79389649220002,9.669230769230769,12.436923076923078
NASA,2008,11,0.0018181729866666,0.0016254024998274797,0.0004003411043333,0.0015765793416666,0.0043168138307692,0.0013840753580387894,0.001266040576923,0.0020963382846153,15.189333333333334,18.556717951456704,9.571333333333332,11.581666666666669,15.590000000000002,21.063846153846157,9.669230769230769,12.436923076923078
NASA,2009,9,0.004591965888225228,0.0020086081475156415,0.0002366291751666,0.0016582759699951379,0.005878499988952985,0.0076186139076923,5.455994784615384e-05,0.0015939448479258562,15.011858712090385,16.862173727671305,11.874333333333334,11.699178185780845,17.140945193950945,19.314974561838003,13.72153846153846,13.453064795274
NASA,2009,10,0.003908196360896861,0.0034055175704028164,0.0002366291751666,0.0012378007383333,0.0092191375,0.0071520626407638194,5.455994784615384e-05,0.0042377024846153,15.01209077284071,18.491746171739365,11.874333333333334,10.398666666666664,15.612777070265551,19.61486291738657,13.72153846153846,11.02846153846154
NASA,2009,11,0.0006349354686666,0.0013829022542464309,0.0002366291751666,0.0012378007383333,0.001119026666923,0.003802774865329108,5.455994784615384e-05,0.0042377024846153,15.255666666666666,16.616534477233884,11.874333333333334,10.398666666666664,16.205384615384617,18.774281631860976,13.72153846153846,11.02846153846154
NASA,2010,9,0.00118846502600374,0.001477991179459053,0.0001984192882499,0.00030784803904450385,0.0016939294678294406,0.002504414195211841,0.00051609281,0.0012097434395715683,14.026999467637802,16.891777537027995,8.587833333333332,10.396837151845293,15.81798065185547,19.402944495861348,9.016153846153848,12.753679786095253
NASA,2010,10,0.0017783625888455176,0.0016017712499625828,0.0001984192882499,0.00170069663,0.0025623840528978263,0.0029802623402891597,0.00051609281,0.0049651711999999,13.929298510233561,18.51428621122572,8.587833333333332,11.706666666666669,15.132822154118466,19.340626379648846,9.016153846153848,12.576153846153847
NASA,2010,11,0.0030543921433333,0.001741317186447333,0.0001984192882499,0.00170069663,0.0014130517692307,0.0020498810301988516,0.00051609281,0.0049651711999999,14.765666666666668,17.06734654490153,8.587833333333332,11.706666666666669,15.366153846153846,19.43607800263625,9.016153846153848,12.576153846153847
NASA,2011,9,0.0025102092569583285,0.0030160838214284193,0.0009813196851666,0.0008674646338001275,0.0025289575048539395,0.002407057463588948,0.0006390027223076,0.003774521311589983,15.219338864644367,18.79012344741821,8.731833333333332,10.718310735066732,16.41771225366837,19.743255155025384,8.911538461538461,11.713577723380846
NASA,2011,10,0.001889646971734067,0.0019022070323057576,0.0009813196851666,0.0014711385066666,0.001107242329503648,0.0017355725449321434,0.0006390027223076,0.000762641396923,15.657772555033366,21.07583333333333,8.731833333333332,12.47,16.704646017612557,19.911414596851056,8.911538461538461,13.84769230769231
NASA,2011,11,0.0017415658316666,0.0016627866400106192,0.0009813196851666,0.0014711385066666,0.0018252880076923,0.0029618581811302978,0.0006390027223076,0.000762641396923,13.249,17.8896459757487,8.731833333333332,12.47,14.88846153846154,19.42413785885542,8.911538461538461,13.84769230769231
NASA,2012,9,0.0020337606863065783,0.001886085975133141,0.00310846067,0.0011828929512640327,0.0042335222038588,0.003711306515319283,0.0060142819153846,0.002610864545066013,13.702998370700412,16.297224075317384,9.865166666666664,10.967141038682724,15.248264222756411,18.78702526385967,10.594615384615384,11.973135712452423
NASA,2012,10,0.004584983780268023,0.0028579050145251072,0.00310846067,0.0008228101465,0.002233025416176908,0.0033223240793348696,0.0060142819153846,0.0013713429,15.357806141747368,18.596766749911836,9.865166666666664,12.1925,15.248109379303761,17.72260083516439,10.594615384615384,13.010769230769233
NASA,2012,11,0.0019314478133333,0.002675687468538447,0.00310846067,0.0008228101465,0.0092191375,0.0029978447195289234,0.0060142819153846,0.0013713429,15.032166666666663,18.829313557942708,9.865166666666664,12.1925,15.88,18.64525633200621,10.594615384615384,13.010769230769233
NASA,2013,9,0.003349174331560572,0.0017568852519934583,0.0005198100125,0.0012829084384168913,0.006658307600062056,0.0033001429452805976,0.000183684806923,0.001343804265636026,15.925708357069228,21.07583333333333,8.783666666666667,12.240946278889972,17.50923076923077,20.026050307934103,9.708461538461538,13.84769230769231
NASA,2013,10,0.003253993876189587,0.0019070750660329905,0.0005198100125,0.0025751685716666,0.002395402074468123,0.0033328441174475267,0.000183684806923,0.0016268073999999,15.811744978162977,18.832646141899957,8.783666666666667,10.296,17.125240403199804,20.41446973947379,9.708461538461538,11.799230769230768
NASA,2013,11,0.0025216028566666,0.0029794304927412848,0.0005198100125,0.0025751685716666,0.0018435327846153,0.004430697347585804,0.000183684806923,0.0016268073999999,15.054833333333333,18.635404200236,8.783666666666667,10.296,16.80923076923077,19.90918227758163,9.708461538461538,11.799230769230768
NASA,2014,9,0.0017302822219440305,0.0020967918510809086,0.0021481674816666,0.0041884895633333,0.004573767424092157,0.003930398862565581,0.0024051851230769,0.004297097270234331,15.039562212626137,18.370354878743488,11.024166666666668,11.93226480017768,15.326639849833954,17.681442075876088,11.822307692307692,12.450938635116968
NASA,2014,10,0.0035960738203708368,0.0030034546095501977,0.0021481674816666,0.00127250048,0.0051089316359638325,0.0038244741682624396,0.0024051851230769,0.001555760776923,14.745194554646808,17.732009632110596,11.024166666666668,12.942,14.765030494103065,17.551409059671254,11.822307692307692,13.71923076923077
NASA,2014,11,0.0058194701233333,0.00520685822841171,0.0021481674816666,0.00127250048,0.0024210154461538,0.007125129189270235,0.0024051851230769,0.001555760776923,15.511,16.576188753763834,11.024166666666668,12.942,17.50923076923077,18.86284802999252,11.822307692307692,13.71923076923077
NASA,2015,9,0.002789469976539439,0.005220450168616013,0.0012370079783333,0.0012729142395484438,0.005140582954037105,0.0071166888089751155,0.0020831698307692,0.003939892386906116,14.556444876352947,18.83871596103244,10.5775,10.243787163628472,14.535887982295108,18.388141394395095,11.441538461538462,11.050652999388866
NASA,2015,10,0.0058194701233333,0.0062674557583333,0.0012370079783333,0.000655511557,0.007320859958813724,0.00402259454217241,0.0020831698307692,0.0013200716461538,12.625283724466959,16.374604891459146,10.5775,10.511333333333331,14.681498322120081,17.86649951347938,11.441538461538462,11.694615384615386
NASA,2015,11,0.0034296463533333,0.003930161773989702,0.0012370079783333,0.000655511557,0.0040766087307692,0.0033499879931447665,0.0020831698307692,0.0013200716461538,11.511166666666666,16.58950256347656,10.5775,10.511333333333331,12.95,18.40097880436824,11.441538461538462,11.694615384615386
NASA,2016,9,0.0036825840946984358,0.0029078528970291374,0.0002492594438333,0.004069253841240869,0.0018338271051000293,0.004424462254707462,0.0001952380138461,0.0014633224133545916,15.662001146952312,19.838288542853466,10.8455,12.349571475982666,16.918607585613543,19.897856441399988,11.464615384615383,13.23492828564766
NASA,2016,10,0.002993656929921721,0.0024959582559935987,0.0002492594438333,0.0009431475408333,0.0018133275180410083,0.0024508544150909925,0.0001952380138461,0.0014420995230769,15.170209818522135,19.401261440700956,10.8455,11.253666666666668,16.89212691086989,21.146100750947614,11.464615384615383,12.65846153846154
NASA,2016,11,0.0026158612783333,0.0018298866759901666,0.0002492594438333,0.0009431475408333,0.0046621342615384,0.0033144089921233895,0.0001952380138461,0.0014420995230769,14.1945,19.84325623236763,10.8455,11.253666666666668,15.38846153846154,18.830183908022367,11.464615384615383,12.65846153846154
NCEP,1993,9,0.0033573463220743734,0.0019217952767637968,0.0002037468094666,0.0012363599940081922,0.0066684974710553525,0.0033382110020216895,0.0006215181346153,0.0020673466324915555,12.861257368299695,16.457357686360677,10.112333333333334,10.309575475056963,14.546641804621771,17.520767890734547,10.272307692307692,11.486173436091496
NCEP,1993,10,0.0005902185729233672,0.0017763890064680082,0.0002037468094666,0.0006287615638333,0.00237798713378637,0.003319040777355094,0.0006215181346153,0.0026867292076923,12.78194218275282,16.603551920572915,10.112333333333334,11.635666666666667,14.168666340754584,17.446158615503556,10.272307692307692,11.61076923076923
NCEP,1993,11,0.001886364015,0.0022196696371539217,0.0002037468094666,0.0006287615638333,0.0021569193923076,0.002371715560021633,0.0006215181346153,0.0026867292076923,14.787833333333332,17.531543750339086,10.112333333333334,11.635666666666667,16.042307692307695,18.72281968336839,10.272307692307692,11.61076923076923
NCEP,1994,9,0.002657389913293729,0.0019940680786861256,0.0012941801501666,0.0013135417826687797,0.0023797868566165473,0.0033721950743514145,0.0023313458076923,0.0012377402150544805,13.807982293023004,16.58767150878906,9.102,10.36874794514974,15.301055127657378,17.936399708283254,9.853076923076925,11.803060995248648
NCEP,1994,10,0.0026081375124981103,0.0014410402137366508,0.0012941801501666,0.0008188242105,0.006221824266281161,0.0034124377662974347,0.0023313458076923,0.0015862611846153,13.684436964246961,17.064468760172527,9.102,11.9975,14.87522791348971,17.69232167561849,9.853076923076925,12.882307692307691
NCEP,1994,11,0.0018797678766666,0.0017317532321115532,0.0012941801501666,0.0008188242105,0.0025635926307692,0.003294393863452912,0.0023313458076923,0.0015862611846153,13.506666666666666,18.381496514214408,9.102,11.9975,14.715384615384616,19.639156126364686,9.853076923076925,12.882307692307691
NCEP,1995,9,0.0005244958714731777,0.0015138352521585996,0.0010596451895,0.0006823935273148007,0.0009059238237708015,0.0017505058442807658,0.000590114456923,0.0008565540291606906,13.93058310953776,17.849895531548395,8.553833333333333,10.704972646077474,16.788203140650037,22.074615384615388,9.41846153846154,12.927409515380859
NCEP,1995,10,0.00260893110588991,0.0016509421314723637,0.0010596451895,0.0005364235754999,0.0013209209328746293,0.0020754369339070497,0.000590114456923,0.001148120646923,13.93421088663737,17.845593851725262,8.553833333333333,11.863666666666663,16.822728694035455,20.0173570897029,9.41846153846154,13.288461538461538
NCEP,1995,11,0.00200906262,0.00249484490271526,0.0010596451895,0.0005364235754999,0.0023878548230769,0.00196797758161999,0.000590114456923,0.001148120646923,14.151666666666667,17.035503763834637,8.553833333333333,11.863666666666663,15.503846153846156,20.020067432110128,9.41846153846154,13.288461538461538
NCEP,1996,9,0.000818754838479741,0.0014110321845538752,0.0034063291616666,0.0012705131409394726,0.0012926026518996062,0.0017787228010095876,0.0018074541076923,0.0016180774057028718,15.50978381347656,17.735539781358504,11.398833333333332,12.505625627305774,17.50923076923077,20.43025432097607,12.302307692307693,13.69701419928135
NCEP,1996,10,0.0016584199760689765,0.0017000771332475583,0.0034063291616666,0.0006316987865,0.0016814844288244998,0.0019762853613456877,0.0018074541076923,0.0011892481615384,15.801862369113499,18.297907597859698,11.398833333333332,11.581,17.387608967316453,21.14696430304112,12.302307692307693,12.624615384615383
NCEP,1996,11,0.0036751788866666,0.0016280070737925514,0.0034063291616666,0.0006316987865,0.0031352251384615,0.0016992731139318608,0.0018074541076923,0.0011892481615384,15.138333333333332,18.2744586537679,11.398833333333332,11.581,16.642307692307693,19.7949417192508,12.302307692307693,12.624615384615383
NCEP,1997,9,0.002980070899632942,0.0030195318001877856,0.0012508766971666,0.0015381366753741803,0.002553781815852086,0.0030377915183419056,0.0016890791230769,0.0015584457866403608,13.162833140055339,16.503724446614584,9.4455,10.248746142917208,15.230145911192283,18.735648510272686,10.813076923076922,11.475212903145032
NCEP,1997,10,0.0039035664608387506,0.003313294998890234,0.0012508766971666,0.0013247018583333,0.00624151875540342,0.004015275402149872,0.0016890791230769,0.00144765,13.211158996582032,16.516970347086588,9.4455,10.045666666666667,14.797567279522234,17.7034751363901,10.813076923076922,11.807692307692308
NCEP,1997,11,0.0032858562583333,0.0024948931458267307,0.0012508766971666,0.0013247018583333,0.0063817600461538,0.0030436166802758043,0.0016890791230769,0.00144765,13.8135,16.81888688151042,9.4455,10.045666666666667,14.85,17.62352045694987,10.813076923076922,11.807692307692308
NCEP,1998,9,0.0018971920455611723,0.0018068700058086154,0.0007986744046666,0.0007521806214940792,0.002388828344469558,0.0019790261490818866,0.0010528142384615,0.001044008462707469,15.535125625610352,18.53782255045573,10.257,12.942,15.851846775152746,19.645254610501805,10.077692307692306,12.631408161261144
NCEP,1998,10,0.0011604432865138085,0.0018961675941574167,0.0007986744046666,0.004086210905,0.0019956361135812315,0.0017837498779352942,0.0010528142384615,0.0026172478923076,15.790430416531033,18.0896779039171,10.257,10.506166666666669,16.391338191888273,19.72903870020157,10.077692307692306,11.228461538461538
NCEP,1998,11,0.0006552159478333,0.0015247028875676363,0.0007986744046666,0.004086210905,0.0010809825923076,0.00209424680875955,0.0010528142384615,0.0026172478923076,16.652166666666666,18.08307211981879,10.257,10.506166666666669,17.405384615384612,19.684479229266827,10.077692307692306,11.228461538461538
NCEP,1999,9,0.0014679770305038873,0.0018206403048360606,0.0016386332933333,0.00223644386147769,0.0017221100331284453,0.002516518557461213,0.0017541111846153,0.0014423621791433455,13.794017528957792,17.60444371202257,10.206166666666666,11.545160013834638,14.674467673668495,17.70038340250651,10.68846153846154,11.707970025478266
NCEP,1999,10,0.0018868720973647616,0.002087817708708299,0.0016386332933333,0.001259037175,0.0010748013235697355,0.003319530632700973,0.0017541111846153,0.0039270861461538,14.248621429443359,17.51596308051215,10.206166666666666,11.969,15.336498448298528,18.73690777118389,10.68846153846154,12.787692307692309
NCEP,1999,11,0.001315220095,0.0020279952773018567,0.0016386332933333,0.001259037175,0.0017226369307692,0.003341835259787026,0.0017541111846153,0.0039270861461538,14.942,16.63229585266113,10.206166666666666,11.969,15.103076923076925,17.56872191013434,10.68846153846154,12.787692307692309
NCEP,2000,9,0.0017633994388211018,0.0021115988257575614,0.0009749613721666,0.0015671073421459822,0.004234645512994236,0.003959893073643271,0.0012347461538461,0.003531364750692084,13.65799146525065,16.61921316019694,8.275833333333333,10.335048038058808,14.65084952329978,17.61683071429913,9.357692307692307,11.006838817107372
NCEP,2000,10,0.003491209796349366,0.0022576288905212572,0.0009749613721666,0.0025673152733333,0.005176546072113429,0.0024526779844985754,0.0012347461538461,0.0026329645,13.678165491739907,16.854821329752607,8.275833333333333,10.394833333333333,14.893001372508515,18.768327370668068,9.357692307692307,11.786153846153846
NCEP,2000,11,0.0026678252283333,0.0019141188598304824,0.0009749613721666,0.0025673152733333,0.004482651476923,0.004125112352199791,0.0012347461538461,0.0026329645,13.0285,16.550693016899952,8.275833333333333,10.394833333333333,14.834615384615384,18.285753353803585,9.357692307692307,11.786153846153846
NCEP,2001,9,0.0024556328530617104,0.002440651673190848,0.003326475595,0.002173008436301808,0.005063368965743215,0.0033523832857691224,0.0025783614384615,0.0025949111387616793,15.337558841281467,18.47422781032986,10.807666666666668,11.6962391204834,15.588811522263748,18.78885931161734,11.97923076923077,11.786594525850736
NCEP,2001,10,0.00276086985003454,0.0024175516447554586,0.003326475595,0.0028308876633333,0.003111095269066708,0.00399914222545113,0.0025783614384615,0.0033977312538461,14.790795403374565,17.890302385118275,10.807666666666668,10.933333333333334,15.2335649226262,18.388661806155472,11.97923076923077,12.09153846153846
NCEP,2001,11,0.0032537956016666,0.002881605142524095,0.003326475595,0.0028308876633333,0.0065836042230769,0.005418968222318782,0.0025783614384615,0.0033977312538461,14.5725,18.52906959364149,10.807666666666668,10.933333333333334,15.91846153846154,17.95718678009816,11.97923076923077,12.09153846153846
NCEP,2002,9,0.0017077249282930738,0.0030025733731911587,0.0050765002716666,0.0015393924078309477,0.002619291685248492,0.0040136760704530434,0.0040034717538461,0.00259633344924336,14.13484703233507,16.785747380574545,9.46,11.576099870469836,14.875259555914464,17.32225494971642,10.839230769230769,12.144095458984376
NCEP,2002,10,0.0036951110687804293,0.002495572764834935,0.0050765002716666,0.0016042616683333,0.004412554993830149,0.00391191345127186,0.0040034717538461,0.0020752432692307,13.814335878160264,16.304232025146483,9.46,11.087333333333332,14.982958884605996,17.53236911675869,10.839230769230769,12.15230769230769
NCEP,2002,11,0.0035790466849999,0.0029336693945894035,0.0050765002716666,0.0016042616683333,0.0061492814461538,0.0039425240329942395,0.0040034717538461,0.0020752432692307,15.619,17.877888088650174,9.46,11.087333333333332,16.53076923076923,18.758124821980797,10.839230769230769,12.15230769230769
NCEP,2003,9,0.0015289734322821785,0.001776238753092639,0.0012828839783333,0.0008670490255132685,0.0030848731164783293,0.0033314166784883877,0.000972574876923,0.0017378234618531366,14.907094926622179,18.076939466688366,8.739333333333333,12.272872863769532,15.291283835386619,18.803493223923905,9.387692307692308,12.56176480806791
NCEP,2003,10,0.0017687399583169788,0.002044130466867812,0.0012828839783333,0.0010545791355,0.0017810756604406896,0.002884440871171879,0.000972574876923,0.0008788287753846,15.161038223266601,18.062917275322807,8.739333333333333,12.315,16.600088119506836,19.61947742951222,9.387692307692308,13.253076923076922
NCEP,2003,11,0.003805307455,0.001732484827222769,0.0012828839783333,0.0010545791355,0.0031338403923076,0.002047147590954391,0.000972574876923,0.0008788287753846,15.8675,17.71860211690267,8.739333333333333,12.315,17.104615384615382,19.474780490581807,9.387692307692308,13.253076923076922
NCEP,2004,9,0.002038124365898162,0.001673932300874893,0.00228868631,0.0018484668621439539,0.0018070053725789696,0.0020351095935425964,0.0018942449230769,0.0020884994895847245,14.605427973429363,18.000435791015626,9.378333333333334,11.98213582356771,15.175300656832183,18.83445544120593,10.371538461538462,11.915196462777946
NCEP,2004,10,0.0019415485890544272,0.0020966321605898077,0.00228868631,0.0014357167861666,0.003134862343936427,0.0033524777336833723,0.0018942449230769,0.0012266888461538,14.998475689358179,17.772983673095702,9.378333333333334,11.911666666666669,15.57761455046825,18.96907484788161,10.371538461538462,12.986923076923077
NCEP,2004,11,0.0028363446033333,0.002111696522737403,0.00228868631,0.0014357167861666,0.0026201917153846,0.003979492163525877,0.0018942449230769,0.0012266888461538,13.9935,17.720671685112844,9.378333333333334,11.911666666666669,15.335384615384616,18.775783800956532,10.371538461538462,12.986923076923077
NCEP,2005,9,0.002792604172317014,0.005192451274162961,0.0016949423149999,0.0012777817932492226,0.00458257221228427,0.0037960452029107417,0.0016545047692307,0.0013337846657525349,15.218185872395832,18.48330497572157,9.215833333333334,11.944146497938368,15.81999481201172,19.3255303133451,10.27076923076923,12.085588842538687
NCEP,2005,10,0.0027826080263533455,0.0026979199215668077,0.0016949423149999,0.0020055071066666,0.004417772178505156,0.003953749026859825,0.0016545047692307,0.0017550258307692,15.076076497395832,18.388332451714408,9.215833333333334,11.079,15.364989119309648,18.969068752191006,10.27076923076923,12.448461538461537
NCEP,2005,11,0.0008726484736666,0.002985192658774655,0.0016949423149999,0.0020055071066666,0.0016885542076923,0.0038873431111527057,0.0016545047692307,0.0017550258307692,13.910833333333333,18.001182554456925,9.215833333333334,11.079,15.617692307692309,19.452095775115186,10.27076923076923,12.448461538461537
NCEP,2006,9,0.0034483721585134154,0.0027333274334580197,0.0003014498436666,0.001224320934197184,0.004518077868458224,0.0039436756894143995,0.0001177927312307,0.0013391896710140772,14.784331441243488,18.29848217434353,9.361833333333331,11.126189158121743,15.96914034329928,18.987225177471455,10.085384615384616,12.406909508338343
NCEP,2006,10,0.002043681858273536,0.0031445758519396292,0.0003014498436666,0.00122344609,0.0025442265604787673,0.0071403721334313336,0.0001177927312307,0.0012215905692307,15.221241149902344,18.55507642618815,9.361833333333331,12.2205,15.847189029791418,19.37902860201322,10.085384615384616,13.37
NCEP,2006,11,0.004495425195,0.0020783622442143283,0.0003014498436666,0.00122344609,0.0071584808384615,0.0034100822900769868,0.0001177927312307,0.0012215905692307,15.2205,17.76523338487413,9.361833333333331,12.2205,16.85923076923077,18.76849457373986,10.085384615384616,13.37
NCEP,2007,9,0.002056895916251761,0.0019329774589504217,0.0004776765558333,0.001402289295142626,0.001948100595725942,0.0029082601508733296,0.0002709048523076,0.0026414539427192857,14.042649898952908,17.364034790039064,7.1285,10.992417339748808,15.50651816734901,18.809476519853643,7.690769230769231,12.456085774348331
NCEP,2007,10,0.0018393854683449139,0.00198109756024335,0.0004776765558333,0.0041884895633333,0.002357313371695245,0.003935160669129648,0.0002709048523076,0.0038300106692307,14.042249991522894,17.577943820529516,7.1285,12.724166666666669,15.319379368317433,18.712542888934795,7.690769230769231,13.762307692307692
NCEP,2007,11,0.0016880499116666,0.0017205891248507806,0.0004776765558333,0.0041884895633333,0.0057192514923076,0.0019989764197346606,0.0002709048523076,0.0038300106692307,15.801666666666668,17.085871032714845,7.1285,12.724166666666669,16.576923076923077,18.81254382011218,7.690769230769231,13.762307692307692
NCEP,2008,9,0.0018719337088281397,0.0021020921347992753,0.0004003411043333,0.0005129093227380197,0.0014835986832090243,0.0020411752393802844,0.001266040576923,0.00097222881644048,14.596122819688585,17.715826924641927,9.571333333333332,11.894785761515301,16.42094457381811,19.809936022636215,9.669230769230769,12.94173125438201
NCEP,2008,10,0.00193960151082765,0.001930724058213815,0.0004003411043333,0.0015765793416666,0.0025854517442237125,0.002124907601912111,0.001266040576923,0.0020963382846153,14.783446431477863,17.761236853705512,9.571333333333332,11.581666666666669,16.37973567082332,19.7331808589055,9.669230769230769,12.436923076923078
NCEP,2008,11,0.0018181729866666,0.0019755202575818627,0.0004003411043333,0.0015765793416666,0.0043168138307692,0.002051727779801768,0.001266040576923,0.0020963382846153,15.189333333333334,18.510344584147134,9.571333333333332,11.581666666666669,15.590000000000002,20.377197236281184,9.669230769230769,12.436923076923078
NCEP,2009,9,0.003480384003400962,0.002988903374495524,0.0002366291751666,0.0009813297033999732,0.004235972485473867,0.003919200532080291,5.455994784615384e-05,0.0017093561230318583,15.046454416910805,18.39235042317708,11.874333333333334,12.08809539794922,16.550629395705002,19.739105694110577,13.72153846153846,12.82242185152494
NCEP,2009,10,0.0032604046537584043,0.0029395944535954965,0.0002366291751666,0.0012378007383333,0.0092191375,0.005398198447404993,5.455994784615384e-05,0.0042377024846153,15.105423909505207,18.56733927239312,11.874333333333334,10.398666666666664,15.974862389197718,19.381762912456807,13.72153846153846,11.02846153846154
NCEP,2009,11,0.0006349354686666,0.002112673010158845,0.0002366291751666,0.0012378007383333,0.001119026666923,0.0044396986175223654,5.455994784615384e-05,0.0042377024846153,15.255666666666666,18.015572509765626,11.874333333333334,10.398666666666664,16.205384615384617,18.853538442758413,13.72153846153846,11.02846153846154
NCEP,2010,9,0.0018940349185446977,0.0022587539281913936,0.0001984192882499,0.0005817091763930626,0.0018246732004002912,0.003052656433166866,0.00051609281,0.0011782520233329329,14.793382403903538,17.6241493411594,8.587833333333332,11.805219889322915,16.592063962496244,19.29434440612793,9.016153846153848,12.760132982302935
NCEP,2010,10,0.001088986989838503,0.0016364398199144447,0.0001984192882499,0.00170069663,0.0017510206344051916,0.002101029469480528,0.00051609281,0.0049651711999999,14.589955000135634,17.10848455810547,8.587833333333332,11.706666666666669,15.850497131347657,18.855924265934874,9.016153846153848,12.576153846153847
NCEP,2010,11,0.0030543921433333,0.002018880654641195,0.0001984192882499,0.00170069663,0.0014130517692307,0.0030136562398888713,0.00051609281,0.0049651711999999,14.765666666666668,16.347691599527995,8.587833333333332,11.706666666666669,15.366153846153846,17.637015157846303,9.016153846153848,12.576153846153847
NCEP,2011,9,0.003271989010185597,0.0033166165526762434,0.0009813196851666,0.001071710491320272,0.002536948341951109,0.003137182507554463,0.0006390027223076,0.0012095206244185086,15.169062866210936,18.637593465169267,8.731833333333332,10.43403165520562,16.697096095941006,19.746288634080152,8.911538461538461,13.100560064071264
NCEP,2011,10,0.0015216090797380308,0.002249462368160862,0.0009813196851666,0.0014711385066666,0.0016169027501650652,0.0018916289788482358,0.0006390027223076,0.000762641396923,15.04595657687717,19.48265007019043,8.731833333333332,12.47,16.609481870211088,19.996081390380862,8.911538461538461,13.84769230769231
NCEP,2011,11,0.0017415658316666,0.0062674557583333,0.0009813196851666,0.0014711385066666,0.0018252880076923,0.003169823441544939,0.0006390027223076,0.000762641396923,13.249,19.118328586154515,8.731833333333332,12.47,14.88846153846154,19.737816827236077,8.911538461538461,13.84769230769231
NCEP,2012,9,0.003914889594943162,0.0027034511531291044,0.00310846067,0.0041884895633333,0.006203894599605148,0.005417018296101386,0.0060142819153846,0.0049651711999999,15.028589118109808,18.59845316399468,9.865166666666664,11.066956407335068,15.375222044724687,18.678286524063502,10.594615384615384,13.105275268554687
NCEP,2012,10,0.003580860071120652,0.003431890897181229,0.00310846067,0.0008228101465,0.006413043408409106,0.004439853231970913,0.0060142819153846,0.0013713429,15.358333046807182,18.862913411458333,9.865166666666664,12.1925,15.575521116990311,18.719874784029447,10.594615384615384,13.010769230769233
NCEP,2012,11,0.0019314478133333,0.0033151088477036093,0.00310846067,0.0008228101465,0.0092191375,0.00714553948360433,0.0060142819153846,0.0013713429,15.032166666666663,21.07583333333333,9.865166666666664,12.1925,15.88,18.85459357237205,10.594615384615384,13.010769230769233
NCEP,2013,9,0.003683323788340098,0.003936576862961158,0.0005198100125,0.002553197628884217,0.007319544971074796,0.007131125555612143,0.000183684806923,0.003972353970520466,16.652166666666666,21.07583333333333,8.783666666666667,12.246837443033852,17.410800419342824,21.143295200054467,9.708461538461538,13.766577312762921
NCEP,2013,10,0.0031493477423077177,0.003935907016029064,0.0005198100125,0.0025751685716666,0.0024330732157945506,0.0032884528657397974,0.000183684806923,0.0016268073999999,16.652166666666666,21.07583333333333,8.783666666666667,10.296,17.50923076923077,22.074615384615388,9.708461538461538,11.799230769230768
NCEP,2013,11,0.0025216028566666,0.0039304000137548685,0.0005198100125,0.0025751685716666,0.0018435327846153,0.0033866722150950887,0.000183684806923,0.0016268073999999,15.054833333333333,19.84147731187609,8.783666666666667,10.296,16.80923076923077,22.074615384615388,9.708461538461538,11.799230769230768
NCEP,2014,9,0.0038556662540473307,0.0033209158898254965,0.0021481674816666,0.0030381727315200455,0.0092191375,0.004426076214377529,0.0024051851230769,0.004273547688666882,15.795897454155815,19.391045681423613,11.024166666666668,12.479775246514215,16.892482280242138,20.006962039654073,11.822307692307692,13.84769230769231
NCEP,2014,10,0.004495425195,0.005219800959792173,0.0021481674816666,0.00127250048,0.007323216194993393,0.003803805459439597,0.0024051851230769,0.001555760776923,15.374532192654081,18.65337778218587,11.024166666666668,12.942,16.88448540320763,19.82244873829377,11.822307692307692,13.71923076923077
NCEP,2014,11,0.0058194701233333,0.0034314476770426787,0.0021481674816666,0.00127250048,0.0024210154461538,0.00391526777788158,0.0024051851230769,0.001555760776923,15.511,19.14446381123861,11.024166666666668,12.942,17.50923076923077,20.42974696623974,11.822307692307692,13.71923076923077
NCEP,2015,9,0.0058194701233333,0.0062674557583333,0.0012370079783333,0.004085598423281976,0.0062258443214162525,0.0076186139076923,0.0020831698307692,0.003851316591569691,15.204656680636935,19.125886235555015,10.5775,11.580728179931643,15.990208129882813,19.455010822002706,11.441538461538462,13.305595656174878
NCEP,2015,10,0.004597324539505632,0.0062674557583333,0.0012370079783333,0.000655511557,0.005870394651333204,0.0076186139076923,0.0020831698307692,0.0013200716461538,14.29701163736979,18.801010857476125,10.5775,10.511333333333331,16.010337015787762,18.859087888277497,11.441538461538462,11.694615384615386
NCEP,2015,11,0.0034296463533333,0.005214964489903486,0.0012370079783333,0.000655511557,0.0040766087307692,0.0076186139076923,0.0020831698307692,0.0013200716461538,11.511166666666666,18.83946300591363,10.5775,10.511333333333331,12.95,19.387452725141475,11.441538461538462,11.694615384615386
NCEP,2016,9,0.002994056243788813,0.002427024230022897,0.0002492594438333,0.000817639947492355,0.0031222512717471703,0.004021922176944076,0.0001952380138461,0.0015873820927439707,15.932509962293837,19.831788616604282,10.8455,12.196979141235353,16.91792380112868,19.711695179083407,11.464615384615383,13.456138487595778
NCEP,2016,10,0.003344446714654406,0.0030002815562855793,0.0002492594438333,0.0009431475408333,0.003823959544709336,0.0031132423649501565,0.0001952380138461,0.0014420995230769,15.648818506876628,19.38529820421007,10.8455,11.253666666666668,16.892474048321063,19.850171454013918,11.464615384615383,12.65846153846154
NCEP,2016,11,0.0026158612783333,0.0029035742769450107,0.0002492594438333,0.0009431475408333,0.0046621342615384,0.003346541657128244,0.0001952380138461,0.0014420995230769,14.1945,18.65194409179687,10.8455,11.253666666666668,15.38846153846154,18.900069779616135,11.464615384615383,12.65846153846154
